,Station,Abbrv,URL,latitude,longitude,Start Year,End Year
0,Arbuckle Basin ,ABS,/cgi-bin/rawMAIN.pl?caCABS,40° 23' 54,122° 50' 00,1995,2021
1,Alder Springs       ,ALD,/cgi-bin/rawMAIN.pl?caCALD,39° 39' 05,122° 43' 25,1994,2021
2,Alder Point ,APT,/cgi-bin/rawMAIN.pl?caCAPT,40° 11' 12,123° 35' 25,1991,2021
3,Ash Creek  ,ASC,/cgi-bin/rawMAIN.pl?caCASC,41° 16' 37,121° 58' 46,1989,2021
4,Ash Valley          ,ASH,/cgi-bin/rawMAIN.pl?caCASH,41° 03' 07,120° 41' 10,1991,2014
5,Atlas Peak  ,ATL,/cgi-bin/rawMAIN.pl?caCATL,38° 28' 29,122° 15' 53,2005,2021
6,Backbone  ,BAC,/cgi-bin/rawMAIN.pl?caCBAC,40° 53' 21,123° 08' 32,2000,2021
7,Bald Mtn Loc       ,BAL,/cgi-bin/rawMAIN.pl?caCBAL,38° 54' 20,120° 41' 50,1989,2021
8,Burney Basin #1  ,BB1,/cgi-bin/rawMAIN.pl?caCBB1,41° 10' 01,121° 29' 37,2010,2010
9,Burney Basin #2  ,BB2,/cgi-bin/rawMAIN.pl?caCBB2,40° 54' 18,121° 38' 42,2010,2010
10,Burney Basin #3  ,BB3,/cgi-bin/rawMAIN.pl?caCBB3,40° 48' 32,121° 24' 54,2010,2010
11,Burney Basin #4  ,BB4,/cgi-bin/rawMAIN.pl?caCBB4,41° 00' 25,121° 29' 24,2010,2010
12,Burney Basin #5  ,BB5,/cgi-bin/rawMAIN.pl?caCBB5,40° 52' 29,121° 46' 20,2010,2010
13,Big Bar              ,BBR,/cgi-bin/rawMAIN.pl?caCBBR,40° 44' 00,123° 14' 00,1989,2021
14,Beckwourth         ,BEC,/cgi-bin/rawMAIN.pl?caCBEC,39° 56' 18,120° 33' 36,1995,1996
15,Bangor ,BGR,/cgi-bin/rawMAIN.pl?caCBGR,39° 23' 51,121° 23' 10,1990,2021
16,Big Hill ,BIH,/cgi-bin/rawMAIN.pl?caCBIH,41° 05' 51,123° 38' 09,1997,2021
17,Baker ,BKR,/cgi-bin/rawMAIN.pl?caCBKR,40° 16' 44,122° 29' 13,1990,1997
18,Blue Door           ,BLD,/cgi-bin/rawMAIN.pl?caCBLD,41° 03' 17,120° 20' 15,1991,2021
19,Blacks Mountain  ,BLM,/cgi-bin/rawMAIN.pl?caCBLM,40° 43' 28,121° 10' 44,2011,2021
20,Blue Ridge (KNF)  ,BLQ,/cgi-bin/rawMAIN.pl?caCBLQ,41° 16' 10,123° 11' 15,2001,2021
21,Blue Ridge            ,BLR,/cgi-bin/rawMAIN.pl?caCBLR,40° 53' 21,123° 08' 32,1990,2005
22,Ben Bolt ,BLT,/cgi-bin/rawMAIN.pl?caCBLT,38° 35' 27,120° 56' 01,1990,2021
23,Blue Mountain Lookout  ,BML,/cgi-bin/rawMAIN.pl?caCBML,38° 20' 33,120° 21' 53,2016,2021
24,Blacks Mtn - PSW ,BMN,/cgi-bin/rawMAIN.pl?caCBMN,40° 43' 53,121° 07' 06,1996,1998
25,Blue Mountain  ,BMO,/cgi-bin/rawMAIN.pl?caCBMO,41° 49' 47,120° 51' 47,2011,2021
26,Bald Mountain PAL ,BMP,/cgi-bin/rawMAIN.pl?caCBMP,38° 08' 19,120° 05' 31,2008,2009
27,Brush Mountain  ,BMT,/cgi-bin/rawMAIN.pl?caCBMT,40° 54' 56,123° 40' 07,2005,2021
28,Banner Road  ,BNR,/cgi-bin/rawMAIN.pl?caCBNR,38° 17' 04,120° 29' 23,2014,2021
29,Bogard R.S.        ,BOG,/cgi-bin/rawMAIN.pl?caCBOG,40° 35' 31,121° 04' 41,1992,2021
30,Bolam  ,BOL,/cgi-bin/rawMAIN.pl?caCBOL,41° 32' 03,122° 12' 31,2007,2021
31,Boonville ,BOO,/cgi-bin/rawMAIN.pl?caCBOO,38° 59' 15,123° 20' 55,1990,2021
32,Bridgeport 4NW  ,BR4,/cgi-bin/rawMAIN.pl?caCBR4,38° 16' 19,119° 17' 21,2002,2021
33,Bridgeport  ,BRD,/cgi-bin/rawMAIN.pl?caCBRD,38° 16' 19,119° 17' 21,2002,2006
34,Bear Flat  ,BRF,/cgi-bin/rawMAIN.pl?caCBRF,41° 17' 42,120° 18' 48,2003,2021
35,Baron  ,BRN,/cgi-bin/rawMAIN.pl?caCBRN,38° 51' 15,120° 01' 27,2011,2021
36,Brooks ,BRO,/cgi-bin/rawMAIN.pl?caCBRO,38° 44' 18,122° 08' 41,1990,2021
37,Bull Flat           ,BUL,/cgi-bin/rawMAIN.pl?caCBUL,40° 28' 51,120° 06' 50,1991,2021
38,Butte Meadows ,BUT,/cgi-bin/rawMAIN.pl?caCBUT,40° 04' 44,121° 30' 14,1990,2000
39,Beaver Camp Loc      ,BVR,/cgi-bin/rawMAIN.pl?caCBVR,38° 29' 18,120° 19' 30,1992,2021
40,Brazie Ranch ,BZE,/cgi-bin/rawMAIN.pl?caCBZE,41° 40' 33,122° 36' 00,1990,2021
41,Callahan          ,CAL,/cgi-bin/rawMAIN.pl?caCCAL,41° 18' 27,122° 47' 45,1988,2021
42,Canby                ,CAN,/cgi-bin/rawMAIN.pl?caCCAN,41° 26' 43,120° 52' 11,1994,2015
43,Cold Creek  ,CCK,/cgi-bin/rawMAIN.pl?caCCCK,41° 46' 54,120° 19' 06,2003,2004
44,CFA Raws  ,CFA,/cgi-bin/rawMAIN.pl?caCCFA,38° 22' 48,120° 55' 49,2012,2021
45,Callahan 2  ,CH2,/cgi-bin/rawMAIN.pl?caCCH2,41° 18' 00,122° 49' 28,2003,2006
46,Chico ,CHC,/cgi-bin/rawMAIN.pl?caCCHC,39° 42' 43,121° 46' 44,1990,2014
47,Chester             ,CHS,/cgi-bin/rawMAIN.pl?caCCHS,40° 17' 23,121° 05' 07,1989,2021
48,Cold Springs  ,CLD,/cgi-bin/rawMAIN.pl?caCCLD,41° 46' 53,120° 19' 09,2006,2021
49,Clover ,CLO,/cgi-bin/rawMAIN.pl?caCCLO,39° 52' 10,120° 22' 55,1997,2001
50,Camanche  ,CMN,/cgi-bin/rawMAIN.pl?caCCMN,38° 13' 52,121° 00' 40,2002,2004
51,Colby Mountain  ,CMT,/cgi-bin/rawMAIN.pl?caCCMT,40° 08' 45,121° 31' 21,2015,2021
52,Cohasset ,COH,/cgi-bin/rawMAIN.pl?caCCOH,39° 52' 18,121° 46' 08,1990,2021
53,Collins Baldy        ,COL,/cgi-bin/rawMAIN.pl?caCCOL,41° 46' 30,122° 57' 01,1991,2021
54,Cooskie Mountain     ,COO,/cgi-bin/rawMAIN.pl?caCCOO,40° 15' 25,124° 15' 58,1985,2021
55,County Line         ,COU,/cgi-bin/rawMAIN.pl?caCCOU,39° 01' 08,122° 24' 43,1994,2021
56,Cow Mountain        ,COW,/cgi-bin/rawMAIN.pl?caCCOW,39° 11' 16,123° 07' 10,1995,1995
57,Coyote  ,COY,/cgi-bin/rawMAIN.pl?caCCOY,39° 59' 16,120° 28' 36,2006,2021
58,Camp 6  ,CP6,/cgi-bin/rawMAIN.pl?caCCP6,41° 49' 51,123° 52' 35,2003,2007
59,Corning ,CRN,/cgi-bin/rawMAIN.pl?caCCRN,39° 56' 20,122° 10' 11,1998,2021
60,Carpenter Ridge  ,CRR,/cgi-bin/rawMAIN.pl?caCCRR,40° 04' 07,121° 34' 57,2000,2021
61,Crazy Peak          ,CRZ,/cgi-bin/rawMAIN.pl?caCCRZ,41° 59' 31,123° 36' 13,1985,2020
62,Campo Seco  ,CSC,/cgi-bin/rawMAIN.pl?caCCSC,38° 13' 25,120° 51' 59,2004,2021
63,Cashman  ,CSH,/cgi-bin/rawMAIN.pl?caCCSH,40° 00' 06,120° 54' 54,2001,2021
64,Camp Six  ,CSX,/cgi-bin/rawMAIN.pl?caCCSX,41° 49' 51,123° 52' 35,2004,2021
65,Cow Mountain (A)   ,CWM,/cgi-bin/rawMAIN.pl?caCCWM,39° 07' 45,123° 04' 30,1985,1988
66,Davis    ,DAV,/cgi-bin/rawMAIN.pl?caCDAV,39° 56' 30,120° 33' 30,2001,2001
67,Double Dome (Class III-9C)  ,DBD,/cgi-bin/rawMAIN.pl?caCDBD,38° 20' 11,119° 53' 20,2009,2010
68,Devils Garden ,DGR,/cgi-bin/rawMAIN.pl?caCDGR,41° 31' 42,120° 40' 21,1991,2021
69,D L Bliss S P  ,DLB,/cgi-bin/rawMAIN.pl?caCDLB,38° 58' 04,120° 06' 00,2006,2009
70,Dog Valley  ,DOG,/cgi-bin/rawMAIN.pl?caCDOG,39° 33' 43,120° 02' 52,2001,2021
71,Dorris Ranch ,DOR,/cgi-bin/rawMAIN.pl?caCDOR,39° 18' 13,121° 07' 02,1990,2002
72,Doublehead ,DOU,/cgi-bin/rawMAIN.pl?caCDOU,41° 37' 30,121° 04' 04,1997,1999
73,Doyle               ,DOY,/cgi-bin/rawMAIN.pl?caCDOY,40° 01' 20,120° 06' 20,1987,2021
74,Duncan   ,DUN,/cgi-bin/rawMAIN.pl?caCDUN,39° 08' 38,120° 30' 32,2001,2021
75,Dutch-Indy  ,DUT,/cgi-bin/rawMAIN.pl?caCDUT,41° 38' 38,123° 26' 39,2010,2021
76,Eagle Peak  ,EAG,/cgi-bin/rawMAIN.pl?caCEAG,39° 55' 37,122° 38' 31,1999,2021
77,Eel River Camp  ,EEC,/cgi-bin/rawMAIN.pl?caCEEC,40° 08' 18,123° 49' 25,2001,2021
78,Eel River            ,EEL,/cgi-bin/rawMAIN.pl?caCEEL,39° 50' 00,123° 05' 00,1992,2021
79,Mount Elizabeth ,ELI,/cgi-bin/rawMAIN.pl?caCELI,38° 03' 47,120° 14' 49,1999,2021
80,Esperanza ,ESP,/cgi-bin/rawMAIN.pl?caCESP,38° 14' 34,120° 30' 54,1990,2014
81,Foresthill  ,FOR,/cgi-bin/rawMAIN.pl?caCFOR,39° 05' 29,120° 43' 54,2000,2021
82,Friend Mountain  ,FRI,/cgi-bin/rawMAIN.pl?caCFRI,40° 30' 18,123° 20' 30,1990,2021
83,Five Cent  ,FVC,/cgi-bin/rawMAIN.pl?caCFVC,40° 45' 04,122° 55' 04,2004,2021
84,Gasquet 2  ,GA2,/cgi-bin/rawMAIN.pl?caCGA2,41° 26' 17,123° 56' 43,2014,2021
85,Gasquet  ,GAS,/cgi-bin/rawMAIN.pl?caCGAS,41° 50' 45,123° 58' 45,1993,2015
86,Grasshopper ,GHP,/cgi-bin/rawMAIN.pl?caCGHP,40° 46' 54,120° 47' 04,1990,2021
87,Goat Mtn. Lookout (P) ,GML,/cgi-bin/rawMAIN.pl?caCGML,39° 15' 37,122° 42' 50,1999,1999
88,Gordon  ,GOR,/cgi-bin/rawMAIN.pl?caCGOR,40° 45' 22,120° 53' 32,2002,2021
89,Grey Butte (Portable)  ,GRB,/cgi-bin/rawMAIN.pl?caCGRB,41° 20' 42,122° 11' 42,1999,2003
90,Grizzly Flat  ,GZF,/cgi-bin/rawMAIN.pl?caCGZF,38° 37' 11,120° 33' 41,2003,2010
91,Happy Camp Micro   ,HAP,/cgi-bin/rawMAIN.pl?caCHAP,41° 47' 36,123° 22' 36,1995,1995
92,Hatcreek Micro #1     ,HAT,/cgi-bin/rawMAIN.pl?caCHAT,40° 42' 10,121° 22' 00,1995,1995
93,Hawkeye ,HAW,/cgi-bin/rawMAIN.pl?caCHAW,38° 46' 54,122° 55' 01,1993,2021
94,Hayfork             ,HAY,/cgi-bin/rawMAIN.pl?caCHAY,40° 33' 00,123° 09' 54,1997,2021
95,Humbolt Bay  ,HBB,/cgi-bin/rawMAIN.pl?caCHBB,40° 46' 01,124° 13' 10,2007,2014
96,Humbug Summit  ,HBG,/cgi-bin/rawMAIN.pl?caCHBG,40° 06' 31,121° 22' 60,2012,2021
97,Hidden Valley  ,HDV,/cgi-bin/rawMAIN.pl?caCHDV,40° 26' 31,120° 37' 37,2011,2021
98,Hell Hole         ,HEL,/cgi-bin/rawMAIN.pl?caCHEL,39° 04' 18,120° 25' 18,1989,2021
99,High Glade Lookout ,HGL,/cgi-bin/rawMAIN.pl?caCHGL,39° 12' 30,122° 48' 30,1997,2021
100,Hopland  ,HLD,/cgi-bin/rawMAIN.pl?caCHLD,39° 01' 51,123° 04' 50,2001,2021
101,Horse Lake         ,HOL,/cgi-bin/rawMAIN.pl?caCHOL,40° 37' 24,120° 28' 40,1991,2021
102,Homewood  ,HOM,/cgi-bin/rawMAIN.pl?caCHOM,39° 05' 01,120° 10' 16,2010,2021
103,Hoopa   ,HOO,/cgi-bin/rawMAIN.pl?caCHOO,41° 02' 52,123° 40' 17,1997,2021
104,Hat Mountain         ,HTM,/cgi-bin/rawMAIN.pl?caCHTM,40° 30' 06,121° 25' 21,1995,1999
105,Indian Well  ,IND,/cgi-bin/rawMAIN.pl?caCIND,41° 42' 42,121° 30' 23,1997,2021
106,Jarbo Gap  ,JAR,/cgi-bin/rawMAIN.pl?caCJAR,39° 44' 09,121° 29' 20,2003,2021
107,Jordan Creek        ,JOR,/cgi-bin/rawMAIN.pl?caCJOR,39° 47' 00,121° 22' 00,1995,2002
108,Juanita Lake         ,JUA,/cgi-bin/rawMAIN.pl?caCJUA,41° 47' 10,122° 00' 20,1988,2021
109,Juniper Creek      ,JUN,/cgi-bin/rawMAIN.pl?caCJUN,41° 19' 56,120° 28' 21,1988,2021
110,Klamath Basin NWR  ,KLB,/cgi-bin/rawMAIN.pl?caCKLB,41° 56' 38,121° 33' 53,2006,2008
111,Kneeland     ,KNE,/cgi-bin/rawMAIN.pl?caCKNE,40° 43' 12,123° 55' 37,2004,2021
112,Knoxville Creek     ,KNO,/cgi-bin/rawMAIN.pl?caCKNO,38° 51' 43,122° 25' 02,1985,2021
113,Konocti ,KON,/cgi-bin/rawMAIN.pl?caCKON,38° 54' 43,122° 42' 23,1995,2021
114,Sugarloaf (ENF)  ,KYB,/cgi-bin/rawMAIN.pl?caCKYB,38° 47' 02,120° 18' 39,2004,2021
115,Lassen Lodge ,LAS,/cgi-bin/rawMAIN.pl?caCLAS,40° 20' 39,121° 42' 49,1990,2021
116,Laufman ,LAU,/cgi-bin/rawMAIN.pl?caCLAU,40° 08' 30,120° 21' 12,1998,2021
117,Laytonville  ,LAY,/cgi-bin/rawMAIN.pl?caCLAY,39° 42' 08,123° 29' 06,2001,2021
118,Ladder Butte       ,LDR,/cgi-bin/rawMAIN.pl?caCLDR,40° 48' 26,121° 17' 48,1988,2021
119,Lincoln ,LIN,/cgi-bin/rawMAIN.pl?caCLIN,38° 52' 57,121° 16' 06,1991,2021
120,Lower Klamath  ,LKL,/cgi-bin/rawMAIN.pl?caCLKL,41° 59' 57,121° 42' 01,2002,2021
121,LNF4 - Portable     ,LN4,/cgi-bin/rawMAIN.pl?caCLN4,40° 24' 00,120° 37' 00,1995,1995
122,LNF6 - Portable  ,LN6,/cgi-bin/rawMAIN.pl?caCLN6,40° 56' 11,121° 35' 05,2010,2010
123,Lowden  ,LOW,/cgi-bin/rawMAIN.pl?caCLOW,40° 41' 22,122° 49' 53,1999,2004
124,Lyons Valley       ,LYO,/cgi-bin/rawMAIN.pl?caCLYO,39° 07' 33,123° 04' 25,1988,2021
125,Mad River  ,MAD,/cgi-bin/rawMAIN.pl?caCMAD,40° 27' 48,123° 31' 26,1999,2021
126,Manzanita Lake       ,MAN,/cgi-bin/rawMAIN.pl?caCMAN,40° 32' 24,121° 34' 49,1990,2021
127,Maple Creek ,MAP,/cgi-bin/rawMAIN.pl?caCMAP,40° 47' 47,123° 56' 12,1995,2006
128,McGuires ,MCG,/cgi-bin/rawMAIN.pl?caCMCG,39° 21' 10,123° 36' 04,1990,2021
129,Mendocino Pass  ,MEN,/cgi-bin/rawMAIN.pl?caCMEN,39° 48' 27,122° 56' 42,2000,2021
130,Meyers ,MEY,/cgi-bin/rawMAIN.pl?caCMEY,38° 50' 56,120° 01' 05,1998,2013
131,Milford Micro        ,MLF,/cgi-bin/rawMAIN.pl?caCMLF,40° 08' 00,120° 21' 00,1995,1996
132,Mule Mountain  ,MLM,/cgi-bin/rawMAIN.pl?caCMLM,40° 34' 09,122° 30' 11,2007,2021
133,Modoc NWR  ,MOD,/cgi-bin/rawMAIN.pl?caCMOD,41° 27' 32,120° 31' 08,2002,2015
134,Mohawk  ,MOH,/cgi-bin/rawMAIN.pl?caCMOH,39° 46' 46,120° 35' 41,2013,2021
135,Markleeville ,MRK,/cgi-bin/rawMAIN.pl?caCMRK,38° 41' 26,119° 46' 30,1998,2021
136,Mt. Shasta  ,MS2,/cgi-bin/rawMAIN.pl?caCMS2,41° 18' 56,122° 18' 56,1999,2021
137,Mount Zion ,MTZ,/cgi-bin/rawMAIN.pl?caCMTZ,38° 23' 22,120° 39' 04,1990,2021
138,Novato Fire - Robinhood  ,NVF,/cgi-bin/rawMAIN.pl?caCNVF,38° 06' 45,122° 32' 59,2016,2021
139,Oak Bottom  ,OAB,/cgi-bin/rawMAIN.pl?caCOAB,40° 39' 02,122° 36' 20,2001,2010
140,Oak Knoll           ,OAK,/cgi-bin/rawMAIN.pl?caCOAK,41° 50' 19,122° 51' 00,1988,2021
141,Oak Mountain  ,OAM,/cgi-bin/rawMAIN.pl?caCOAM,41° 00' 23,121° 59' 00,1991,2021
142,Oak Ridge  ,OAR,/cgi-bin/rawMAIN.pl?caCOAR,38° 44' 17,123° 18' 30,2016,2021
143,Oak Knoll - Portable  ,OKP,/cgi-bin/rawMAIN.pl?caCOKP,41° 51' 10,122° 51' 00,1995,1995
144,Openshaw  ,OPS,/cgi-bin/rawMAIN.pl?caCOPS,39° 35' 23,121° 38' 07,2014,2021
145,Owens Camp Loc       ,OWE,/cgi-bin/rawMAIN.pl?caCOWE,38° 44' 00,120° 14' 42,1989,2021
146,Patty Mocus           ,PAT,/cgi-bin/rawMAIN.pl?caCPAT,40° 17' 10,122° 52' 29,1990,2021
147,Pierce              ,PIE,/cgi-bin/rawMAIN.pl?caCPIE,40° 14' 46,120° 38' 32,1986,2021
148,Pike County Lookout   ,PIK,/cgi-bin/rawMAIN.pl?caCPIK,39° 28' 30,121° 12' 09,1985,2021
149,Pilot Hill ,PIL,/cgi-bin/rawMAIN.pl?caCPIL,38° 49' 57,121° 00' 31,1993,2021
150,Pinecrest 2  ,PNC,/cgi-bin/rawMAIN.pl?caCPNC,38° 11' 10,120° 00' 38,2011,2021
151,Panther Springs  ,PNT,/cgi-bin/rawMAIN.pl?caCPNT,40° 14' 31,121° 46' 33,2012,2021
152,Quartz Hill           ,QUA,/cgi-bin/rawMAIN.pl?caCQUA,41° 35' 57,122° 56' 01,1990,2021
153,Quincy Rd          ,QUI,/cgi-bin/rawMAIN.pl?caCQUI,39° 58' 24,120° 56' 31,1988,2021
154,Quincy - Portable    ,QUP,/cgi-bin/rawMAIN.pl?caCQUP,39° 54' 00,120° 44' 50,1995,1995
155,Ravendale        ,RAV,/cgi-bin/rawMAIN.pl?caCRAV,40° 43' 51,120° 18' 59,1999,2021
156,Reader Ranch  ,RDR,/cgi-bin/rawMAIN.pl?caCRDR,39° 18' 13,121° 07' 02,2002,2021
157,Redding Airport  ,REA,/cgi-bin/rawMAIN.pl?caCREA,40° 30' 57,122° 17' 26,2001,2021
158,Rice Canyon  ,RIA,/cgi-bin/rawMAIN.pl?caCRIA,39° 31' 30,120° 19' 43,2012,2021
159,Redding Airport Prtble ,RPT,/cgi-bin/rawMAIN.pl?caCRPT,40° 51' 00,122° 30' 00,2000,2001
160,Rattle Brush       ,RTB,/cgi-bin/rawMAIN.pl?caCRTB,40° 53' 30,122° 33' 06,1995,1996
161,Rush Creek ,RUS,/cgi-bin/rawMAIN.pl?caCRUS,41° 17' 17,120° 52' 11,1997,2021
162,Ruth  ,RUT,/cgi-bin/rawMAIN.pl?caCRUT,40° 15' 02,123° 18' 57,2003,2021
163,Sacramento NWR  ,SAC,/cgi-bin/rawMAIN.pl?caCSAC,39° 25' 02,122° 10' 57,2001,2021
164,Sawyers Bar          ,SAW,/cgi-bin/rawMAIN.pl?caCSAW,41° 18' 01,123° 07' 56,1988,2021
165,Scorpion  ,SCN,/cgi-bin/rawMAIN.pl?caCSCN,41° 06' 42,122° 41' 48,1990,2021
166,Soda Creek        ,SDC,/cgi-bin/rawMAIN.pl?caCSDC,39° 25' 30,122° 58' 38,1992,2021
167,Saddleback  ,SDD,/cgi-bin/rawMAIN.pl?caCSDD,39° 38' 15,120° 51' 55,2001,2021
168,Secret Town ,SEC,/cgi-bin/rawMAIN.pl?caCSEC,39° 11' 01,120° 53' 05,1992,2021
169,Seed Orchard ,SEE,/cgi-bin/rawMAIN.pl?caCSEE,39° 05' 00,120° 44' 00,1986,1991
170,Sugarloaf (5-C)  ,SG5,/cgi-bin/rawMAIN.pl?caCSG5,38° 47' 02,120° 18' 36,2004,2004
171,School House  ,SHH,/cgi-bin/rawMAIN.pl?caCSHH,41° 08' 18,123° 54' 20,2001,2021
172,Ship Mtn.   ,SHI,/cgi-bin/rawMAIN.pl?caCSHI,41° 44' 09,123° 47' 30,2001,2021
173,Sims                 ,SIM,/cgi-bin/rawMAIN.pl?caCSIM,41° 04' 30,122° 22' 24,1989,2021
174,Slater Butte       ,SLA,/cgi-bin/rawMAIN.pl?caCSLA,41° 51' 31,123° 21' 09,1988,2021
175,Slate Creek  ,SLC,/cgi-bin/rawMAIN.pl?caCSLC,41° 20' 28,123° 39' 32,2012,2021
176,Canon BAER (Shingle)  ,SMF,/cgi-bin/rawMAIN.pl?caCSMF,38° 26' 42,119° 28' 13,2002,2005
177,Soldier Mountain ,SOL,/cgi-bin/rawMAIN.pl?caCSOL,40° 55' 33,121° 35' 08,1990,2021
178,Somes Bar              ,SOM,/cgi-bin/rawMAIN.pl?caCSOM,41° 23' 24,123° 29' 45,1988,2021
179,Surprise Portable  ,SP1,/cgi-bin/rawMAIN.pl?caCSP1,41° 10' 15,120° 03' 30,2001,2006
180,Surprise Portable (2)  ,SP2,/cgi-bin/rawMAIN.pl?caCSP2,41° 11' 20,120° 02' 19,2003,2005
181,Surprise Valley  ,SP3,/cgi-bin/rawMAIN.pl?caCSP3,41° 37' 13,120° 09' 24,2006,2021
182,Sacramento NWR QD  ,SQD,/cgi-bin/rawMAIN.pl?caCSQD,39° 26' 46,122° 11' 02,2004,2019
183,Scott Rvr - Portable  ,SRP,/cgi-bin/rawMAIN.pl?caCSRP,41° 36' 00,122° 51' 20,1995,1995
184,Santa Rosa ,SRS,/cgi-bin/rawMAIN.pl?caCSRS,38° 28' 43,122° 42' 43,1991,2021
185,Stampede            ,STA,/cgi-bin/rawMAIN.pl?caCSTA,39° 28' 16,120° 05' 13,1991,2021
186,Steely Fork  ,STF,/cgi-bin/rawMAIN.pl?caCSTF,38° 37' 34,120° 31' 40,2010,2021
187,Stonyford    ,STO,/cgi-bin/rawMAIN.pl?caCSTO,39° 22' 01,122° 34' 30,1994,2021
188,Cottage  ,STS,/cgi-bin/rawMAIN.pl?caCSTS,38° 20' 46,120° 13' 45,2007,2021
189,Sugarloaf (SHF)   ,SUF,/cgi-bin/rawMAIN.pl?caCSUF,40° 55' 00,122° 26' 18,1999,2021
190,Summit Camp ,SUM,/cgi-bin/rawMAIN.pl?caCSUM,38° 29' 24,120° 17' 18,1989,1991
191,Swain Mountain  ,SWA,/cgi-bin/rawMAIN.pl?caCSWA,40° 26' 43,121° 06' 15,2013,2021
192,Tahoe Donner  ,TDN,/cgi-bin/rawMAIN.pl?caCTDN,39° 20' 18,120° 16' 24,2016,2021
193,Thomes Creek ,THO,/cgi-bin/rawMAIN.pl?caCTHO,39° 51' 52,122° 36' 35,1990,2021
194,Timber Mountain  ,TIM,/cgi-bin/rawMAIN.pl?caCTIM,41° 37' 46,121° 17' 53,2002,2021
195,Trench 1  ,TRE,/cgi-bin/rawMAIN.pl?caCTRE,38° 09' 41,118° 54' 40,1998,2002
196,Trinity Camp ,TRI,/cgi-bin/rawMAIN.pl?caCTRI,40° 47' 11,122° 48' 16,1996,2021
197,Truckee Airport ,TRU,/cgi-bin/rawMAIN.pl?caCTRU,39° 19' 00,120° 08' 00,1987,1990
198,Underwood  ,UND,/cgi-bin/rawMAIN.pl?caCUND,40° 43' 19,123° 29' 43,2002,2021
199,Van Bremmer          ,VAN,/cgi-bin/rawMAIN.pl?caCVAN,41° 38' 35,121° 47' 38,1993,2021
200,Walker  ,WAK,/cgi-bin/rawMAIN.pl?caCWAK,38° 33' 55,119° 27' 33,2001,2021
201,Weaverville  ,WEA,/cgi-bin/rawMAIN.pl?caCWEA,40° 44' 06,122° 56' 36,1998,2005
202,Weed Airport ,WEE,/cgi-bin/rawMAIN.pl?caCWEE,41° 28' 44,122° 27' 14,1990,2021
203,Westwood ,WES,/cgi-bin/rawMAIN.pl?caCWES,40° 18' 24,120° 54' 00,1990,2021
204,White Cloud          ,WHC,/cgi-bin/rawMAIN.pl?caCWHC,39° 19' 00,120° 50' 15,1993,2021
205,White Horse         ,WHI,/cgi-bin/rawMAIN.pl?caCWHI,39° 31' 00,121° 35' 00,1995,1996
206,Whiskeytown HQ#2  ,WHS,/cgi-bin/rawMAIN.pl?caCWHS,40° 36' 38,122° 31' 38,2010,2021
207,Whitmore  ,WHT,/cgi-bin/rawMAIN.pl?caCWHT,40° 37' 10,121° 53' 58,1990,2021
208,Warner Mt - Portable  ,WMT,/cgi-bin/rawMAIN.pl?caCWMT,41° 49' 40,120° 51' 50,1995,1995
209,Westside  ,WSS,/cgi-bin/rawMAIN.pl?caCWSS,41° 13' 24,124° 03' 09,2004,2021
210,Yolla Bolla         ,YOL,/cgi-bin/rawMAIN.pl?caCYOL,40° 20' 18,123° 03' 54,1990,2021
211,Yurok  ,YUR,/cgi-bin/rawMAIN.pl?caCYUR,41° 17' 23,123° 51' 27,2002,2021
212,Lake County  ,LCR,/cgi-bin/rawMAIN.pl?caCLCR,39° 01' 56,122° 55' 20,2013,2021
213,Alder Springs       ,ALD,/cgi-bin/rawMAIN.pl?caCALD,39° 39' 05,122° 43' 25,1994,2021
214,Los Altos ,ALT,/cgi-bin/rawMAIN.pl?caCALT,37° 21' 29,122° 08' 50,1998,2021
215,Atlas Peak  ,ATL,/cgi-bin/rawMAIN.pl?caCATL,38° 28' 29,122° 15' 53,2005,2021
216,Bald Mtn Loc       ,BAL,/cgi-bin/rawMAIN.pl?caCBAL,38° 54' 20,120° 41' 50,1989,2021
217,Barnaby ,BAR,/cgi-bin/rawMAIN.pl?caCBAR,38° 01' 41,122° 42' 08,1997,2021
218,Batterson  ,BAT,/cgi-bin/rawMAIN.pl?caCBAT,37° 13' 55,119° 30' 30,1999,2021
219,Benton             ,BEN,/cgi-bin/rawMAIN.pl?caCBEN,37° 50' 35,118° 28' 40,1994,2021
220,Bangor ,BGR,/cgi-bin/rawMAIN.pl?caCBGR,39° 23' 51,121° 23' 10,1990,2021
221,Big Rock  ,BIR,/cgi-bin/rawMAIN.pl?caCBIR,38° 02' 22,122° 34' 12,2003,2021
222,Black Diamond ,BKD,/cgi-bin/rawMAIN.pl?caCBKD,37° 57' 00,121° 53' 04,1994,2021
223,Ben Bolt ,BLT,/cgi-bin/rawMAIN.pl?caCBLT,38° 35' 27,120° 56' 01,1990,2021
224,Blue Mountain Lookout  ,BML,/cgi-bin/rawMAIN.pl?caCBML,38° 20' 33,120° 21' 53,2016,2021
225,Bald Mountain PAL ,BMP,/cgi-bin/rawMAIN.pl?caCBMP,38° 08' 19,120° 05' 31,2008,2009
226,Ben Lomond ,BNL,/cgi-bin/rawMAIN.pl?caCBNL,37° 07' 54,122° 10' 12,1998,2021
227,Banner Road  ,BNR,/cgi-bin/rawMAIN.pl?caCBNR,38° 17' 04,120° 29' 23,2014,2021
228,Boonville ,BOO,/cgi-bin/rawMAIN.pl?caCBOO,38° 59' 15,123° 20' 55,1990,2021
229,Bridgeport 4NW  ,BR4,/cgi-bin/rawMAIN.pl?caCBR4,38° 16' 19,119° 17' 21,2002,2021
230,Bridgeport  ,BRD,/cgi-bin/rawMAIN.pl?caCBRD,38° 16' 19,119° 17' 21,2002,2006
231,Briones ,BRI,/cgi-bin/rawMAIN.pl?caCBRI,37° 56' 39,122° 07' 04,1994,2021
232,Baron  ,BRN,/cgi-bin/rawMAIN.pl?caCBRN,38° 51' 15,120° 01' 27,2011,2021
233,Brooks ,BRO,/cgi-bin/rawMAIN.pl?caCBRO,38° 44' 18,122° 08' 41,1990,2021
234,Buck Meadows ,BUC,/cgi-bin/rawMAIN.pl?caCBUC,37° 49' 24,120° 05' 51,1999,2012
235,Beaver Camp Loc      ,BVR,/cgi-bin/rawMAIN.pl?caCBVR,38° 29' 18,120° 19' 30,1992,2021
236,Catheys Valley ,CAT,/cgi-bin/rawMAIN.pl?caCCAT,37° 28' 05,120° 06' 38,1999,2021
237,Cordoza Ridge  ,CDZ,/cgi-bin/rawMAIN.pl?caCCDZ,37° 10' 06,121° 31' 42,2011,2021
238,CFA Raws  ,CFA,/cgi-bin/rawMAIN.pl?caCCFA,38° 22' 48,120° 55' 49,2012,2021
239,Chalks ,CHA,/cgi-bin/rawMAIN.pl?caCCHA,37° 09' 39,122° 18' 00,1992,1998
240,Chico ,CHC,/cgi-bin/rawMAIN.pl?caCCHC,39° 42' 43,121° 46' 44,1990,2014
241,Clover ,CLO,/cgi-bin/rawMAIN.pl?caCCLO,39° 52' 10,120° 22' 55,1997,2001
242,Calaveras Road ,CLV,/cgi-bin/rawMAIN.pl?caCCLV,37° 33' 11,121° 50' 38,1997,2021
243,Camanche  ,CMN,/cgi-bin/rawMAIN.pl?caCCMN,38° 13' 52,121° 00' 40,2002,2004
244,County Line         ,COU,/cgi-bin/rawMAIN.pl?caCCOU,39° 01' 08,122° 24' 43,1994,2021
245,Cow Mountain        ,COW,/cgi-bin/rawMAIN.pl?caCCOW,39° 11' 16,123° 07' 10,1995,1995
246,Crane Flat Lookout   ,CRA,/cgi-bin/rawMAIN.pl?caCCRA,37° 45' 42,119° 49' 29,1991,2021
247,Crestview         ,CRE,/cgi-bin/rawMAIN.pl?caCCRE,37° 44' 42,118° 59' 00,1993,2021
248,Campo Seco  ,CSC,/cgi-bin/rawMAIN.pl?caCCSC,38° 13' 25,120° 51' 59,2004,2021
249,Cow Mountain (A)   ,CWM,/cgi-bin/rawMAIN.pl?caCCWM,39° 07' 45,123° 04' 30,1985,1988
250,Double Dome (Class III-9C)  ,DBD,/cgi-bin/rawMAIN.pl?caCDBD,38° 20' 11,119° 53' 20,2009,2010
251,Dexter  ,DEX,/cgi-bin/rawMAIN.pl?caCDEX,37° 50' 20,118° 46' 18,2009,2021
252,Diablo Grande ,DIA,/cgi-bin/rawMAIN.pl?caCDIA,37° 19' 45,121° 17' 38,1998,2021
253,D L Bliss S P  ,DLB,/cgi-bin/rawMAIN.pl?caCDLB,38° 58' 04,120° 06' 00,2006,2009
254,Dinkey  ,DNK,/cgi-bin/rawMAIN.pl?caCDNK,37° 03' 59,119° 02' 22,2000,2021
255,Dog Valley  ,DOG,/cgi-bin/rawMAIN.pl?caCDOG,39° 33' 43,120° 02' 52,2001,2021
256,Dorris Ranch ,DOR,/cgi-bin/rawMAIN.pl?caCDOR,39° 18' 13,121° 07' 02,1990,2002
257,Devils Post Pile     ,DPP,/cgi-bin/rawMAIN.pl?caCDPP,37° 37' 48,119° 05' 36,1993,2004
258,Duncan   ,DUN,/cgi-bin/rawMAIN.pl?caCDUN,39° 08' 38,120° 30' 32,2001,2021
259,Eel River            ,EEL,/cgi-bin/rawMAIN.pl?caCEEL,39° 50' 00,123° 05' 00,1992,2021
260,Mount Elizabeth ,ELI,/cgi-bin/rawMAIN.pl?caCELI,38° 03' 47,120° 14' 49,1999,2021
261,El Portal  ,ELP,/cgi-bin/rawMAIN.pl?caCELP,37° 40' 32,119° 47' 10,2004,2021
262,Esperanza ,ESP,/cgi-bin/rawMAIN.pl?caCESP,38° 14' 34,120° 30' 54,1990,2014
263,Foresthill  ,FOR,/cgi-bin/rawMAIN.pl?caCFOR,39° 05' 29,120° 43' 54,2000,2021
264,Fish Slough  ,FSL,/cgi-bin/rawMAIN.pl?caCFSL,37° 28' 42,118° 24' 28,1999,2005
265,Golden Gate NRA #1   ,GG1,/cgi-bin/rawMAIN.pl?caCGG1,37° 50' 00,122° 32' 07,1995,1999
266,Goat Mtn. Lookout (P) ,GML,/cgi-bin/rawMAIN.pl?caCGML,39° 15' 37,122° 42' 50,1999,1999
267,Green Spring ,GSP,/cgi-bin/rawMAIN.pl?caCGSP,37° 49' 59,120° 30' 00,1990,2021
268,Grizzly Flat  ,GZF,/cgi-bin/rawMAIN.pl?caCGZF,38° 37' 11,120° 33' 41,2003,2010
269,Hawkeye ,HAW,/cgi-bin/rawMAIN.pl?caCHAW,38° 46' 54,122° 55' 01,1993,2021
270,Hell Hole         ,HEL,/cgi-bin/rawMAIN.pl?caCHEL,39° 04' 18,120° 25' 18,1989,2021
271,High Glade Lookout ,HGL,/cgi-bin/rawMAIN.pl?caCHGL,39° 12' 30,122° 48' 30,1997,2021
272,High Sierra  ,HIG,/cgi-bin/rawMAIN.pl?caCHIG,37° 18' 53,119° 02' 18,2001,2021
273,Hopland  ,HLD,/cgi-bin/rawMAIN.pl?caCHLD,39° 01' 51,123° 04' 50,2001,2021
274,Homewood  ,HOM,/cgi-bin/rawMAIN.pl?caCHOM,39° 05' 01,120° 10' 16,2010,2021
275,Hurley ,HUR,/cgi-bin/rawMAIN.pl?caCHUR,37° 00' 55,119° 34' 04,1995,2021
276,Jarbo Gap  ,JAR,/cgi-bin/rawMAIN.pl?caCJAR,39° 44' 09,121° 29' 20,2003,2021
277,Jerseydale  ,JER,/cgi-bin/rawMAIN.pl?caCJER,37° 32' 37,119° 50' 19,2002,2021
278,Jordan Creek        ,JOR,/cgi-bin/rawMAIN.pl?caCJOR,39° 47' 00,121° 22' 00,1995,2002
279,Knoxville Creek     ,KNO,/cgi-bin/rawMAIN.pl?caCKNO,38° 51' 43,122° 25' 02,1985,2021
280,Konocti ,KON,/cgi-bin/rawMAIN.pl?caCKON,38° 54' 43,122° 42' 23,1995,2021
281,Sugarloaf (ENF)  ,KYB,/cgi-bin/rawMAIN.pl?caCKYB,38° 47' 02,120° 18' 39,2004,2021
282,Los Banos ,LAB,/cgi-bin/rawMAIN.pl?caCLAB,37° 03' 17,121° 03' 11,1990,2021
283,La Honda ,LAH,/cgi-bin/rawMAIN.pl?caCLAH,37° 18' 19,122° 15' 18,1990,2021
284,Laytonville  ,LAY,/cgi-bin/rawMAIN.pl?caCLAY,39° 42' 08,123° 29' 06,2001,2021
285,Lundylk  ,LDK,/cgi-bin/rawMAIN.pl?caCLDK,38° 02' 17,119° 10' 12,2007,2021
286,Livermore F.D.  ,LFD,/cgi-bin/rawMAIN.pl?caCLFD,37° 41' 33,121° 55' 21,2011,2016
287,Los Gatos ,LGA,/cgi-bin/rawMAIN.pl?caCLGA,37° 12' 10,121° 56' 34,1997,2021
288,Lincoln ,LIN,/cgi-bin/rawMAIN.pl?caCLIN,38° 52' 57,121° 16' 06,1991,2021
289,Los Vaqueros  ,LVQ,/cgi-bin/rawMAIN.pl?caCLVQ,37° 47' 18,121° 44' 05,2004,2021
290,Livermore  ,LVR,/cgi-bin/rawMAIN.pl?caCLVR,37° 42' 43,121° 48' 49,1990,2007
291,Lyons Valley       ,LYO,/cgi-bin/rawMAIN.pl?caCLYO,39° 07' 33,123° 04' 25,1988,2021
292,Mariposa Grove     ,MAR,/cgi-bin/rawMAIN.pl?caCMAR,37° 30' 46,119° 36' 17,1988,2012
293,McGuires ,MCG,/cgi-bin/rawMAIN.pl?caCMCG,39° 21' 10,123° 36' 04,1990,2021
294,Mendocino Pass  ,MEN,/cgi-bin/rawMAIN.pl?caCMEN,39° 48' 27,122° 56' 42,2000,2021
295,Merced River       ,MER,/cgi-bin/rawMAIN.pl?caCMER,37° 39' 10,120° 05' 18,1991,1997
296,Metcalf Gap ,MET,/cgi-bin/rawMAIN.pl?caCMET,37° 24' 34,119° 46' 05,1990,2021
297,Meyers ,MEY,/cgi-bin/rawMAIN.pl?caCMEY,38° 50' 56,120° 01' 05,1998,2013
298,Miami  ,MIA,/cgi-bin/rawMAIN.pl?caCMIA,37° 25' 09,119° 44' 43,2004,2021
299,Mallory Ridge ,MLR,/cgi-bin/rawMAIN.pl?caCMLR,37° 49' 02,121° 46' 44,1998,2021
300,Minarets  ,MNR,/cgi-bin/rawMAIN.pl?caCMNR,37° 24' 26,119° 20' 44,2004,2021
301,Mohawk  ,MOH,/cgi-bin/rawMAIN.pl?caCMOH,39° 46' 46,120° 35' 41,2013,2021
302,Mono Lake - Portable  ,MON,/cgi-bin/rawMAIN.pl?caCMON,37° 41' 17,118° 58' 53,1995,1995
303,Mountain Rest  ,MOU,/cgi-bin/rawMAIN.pl?caCMOU,37° 03' 16,119° 22' 16,1999,2021
304,Middle Peak  ,MPK,/cgi-bin/rawMAIN.pl?caCMPK,37° 55' 51,122° 35' 27,2004,2021
305,Markleeville ,MRK,/cgi-bin/rawMAIN.pl?caCMRK,38° 41' 26,119° 46' 30,1998,2021
306,Mariposa ,MSA,/cgi-bin/rawMAIN.pl?caCMSA,37° 30' 15,119° 59' 13,1990,2021
307,Mt. Diablo  ,MTD,/cgi-bin/rawMAIN.pl?caCMTD,37° 52' 54,121° 54' 51,2000,2013
308,Mount Zion ,MTZ,/cgi-bin/rawMAIN.pl?caCMTZ,38° 23' 22,120° 39' 04,1990,2021
309,North Fork ,NFO,/cgi-bin/rawMAIN.pl?caCNFO,37° 13' 59,119° 30' 17,1998,2021
310,Novato Fire - Robinhood  ,NVF,/cgi-bin/rawMAIN.pl?caCNVF,38° 06' 45,122° 32' 59,2016,2021
311,Oak Ridge  ,OAR,/cgi-bin/rawMAIN.pl?caCOAR,38° 44' 17,123° 18' 30,2016,2021
312,Oakland North ,OKN,/cgi-bin/rawMAIN.pl?caCOKN,37° 51' 54,122° 13' 15,1992,2021
313,Oakland South ,OKS,/cgi-bin/rawMAIN.pl?caCOKS,37° 47' 10,122° 08' 41,1992,2021
314,Olema Valley  ,OLV,/cgi-bin/rawMAIN.pl?caCOLV,38° 02' 33,122° 47' 45,2004,2021
315,Openshaw  ,OPS,/cgi-bin/rawMAIN.pl?caCOPS,39° 35' 23,121° 38' 07,2014,2021
316,Owens Camp Loc       ,OWE,/cgi-bin/rawMAIN.pl?caCOWE,38° 44' 00,120° 14' 42,1989,2021
317,Owens Valley ,OWV,/cgi-bin/rawMAIN.pl?caCOWV,37° 23' 24,118° 33' 02,1992,2021
318,Pike County Lookout   ,PIK,/cgi-bin/rawMAIN.pl?caCPIK,39° 28' 30,121° 12' 09,1985,2021
319,Pilot Hill ,PIL,/cgi-bin/rawMAIN.pl?caCPIL,38° 49' 57,121° 00' 31,1993,2021
320,Pinecrest 2  ,PNC,/cgi-bin/rawMAIN.pl?caCPNC,38° 11' 10,120° 00' 38,2011,2021
321,Poverty ,POV,/cgi-bin/rawMAIN.pl?caCPOV,37° 26' 35,121° 46' 14,1998,2021
322,Pulgas ,PUL,/cgi-bin/rawMAIN.pl?caCPUL,37° 28' 30,122° 17' 53,1997,2021
323,Reader Ranch  ,RDR,/cgi-bin/rawMAIN.pl?caCRDR,39° 18' 13,121° 07' 02,2002,2021
324,Rice Canyon  ,RIA,/cgi-bin/rawMAIN.pl?caCRIA,39° 31' 30,120° 19' 43,2012,2021
325,Russian Ridge (CDF#3)  ,RR3,/cgi-bin/rawMAIN.pl?caCRR3,37° 19' 45,122° 12' 51,2007,2007
326,Rose Peak  ,RSP,/cgi-bin/rawMAIN.pl?caCRSP,37° 30' 07,121° 44' 08,1995,2021
327,Sacramento NWR  ,SAC,/cgi-bin/rawMAIN.pl?caCSAC,39° 25' 02,122° 10' 57,2001,2021
328,Soda Creek        ,SDC,/cgi-bin/rawMAIN.pl?caCSDC,39° 25' 30,122° 58' 38,1992,2021
329,Saddleback  ,SDD,/cgi-bin/rawMAIN.pl?caCSDD,39° 38' 15,120° 51' 55,2001,2021
330,Secret Town ,SEC,/cgi-bin/rawMAIN.pl?caCSEC,39° 11' 01,120° 53' 05,1992,2021
331,Seed Orchard ,SEE,/cgi-bin/rawMAIN.pl?caCSEE,39° 05' 00,120° 44' 00,1986,1991
332,Sugarloaf (5-C)  ,SG5,/cgi-bin/rawMAIN.pl?caCSG5,38° 47' 02,120° 18' 36,2004,2004
333,Shaver ,SHA,/cgi-bin/rawMAIN.pl?caCSHA,37° 08' 06,119° 15' 22,1995,2021
334,San Jose  ,SJO,/cgi-bin/rawMAIN.pl?caCSJO,37° 23' 54,121° 48' 25,2008,2021
335,San Luis Obispo  ,SLO,/cgi-bin/rawMAIN.pl?caCSLO,35° 18' 10,120° 40' 43,2019,2021
336,Canon BAER (Shingle)  ,SMF,/cgi-bin/rawMAIN.pl?caCSMF,38° 26' 42,119° 28' 13,2002,2005
337,San Luis NWR  ,SNL,/cgi-bin/rawMAIN.pl?caCSNL,37° 10' 56,120° 47' 38,2002,2021
338,Smith Peak  ,SPK,/cgi-bin/rawMAIN.pl?caCSPK,37° 48' 02,120° 06' 03,2012,2021
339,Sacramento NWR QD  ,SQD,/cgi-bin/rawMAIN.pl?caCSQD,39° 26' 46,122° 11' 02,2004,2019
340,Santa Rosa ,SRS,/cgi-bin/rawMAIN.pl?caCSRS,38° 28' 43,122° 42' 43,1991,2021
341,San Simeon  ,SSM,/cgi-bin/rawMAIN.pl?caCSSM,35° 36' 18,121° 06' 51,2015,2021
342,STF02 Portable  ,ST2,/cgi-bin/rawMAIN.pl?caCST2,37° 45' 22,120° 03' 35,2003,2010
343,Stampede            ,STA,/cgi-bin/rawMAIN.pl?caCSTA,39° 28' 16,120° 05' 13,1991,2021
344,Steely Fork  ,STF,/cgi-bin/rawMAIN.pl?caCSTF,38° 37' 34,120° 31' 40,2010,2021
345,Stonyford    ,STO,/cgi-bin/rawMAIN.pl?caCSTO,39° 22' 01,122° 34' 30,1994,2021
346,Cottage  ,STS,/cgi-bin/rawMAIN.pl?caCSTS,38° 20' 46,120° 13' 45,2007,2021
347,Summit Camp ,SUM,/cgi-bin/rawMAIN.pl?caCSUM,38° 29' 24,120° 17' 18,1989,1991
348,Spring Valley ,SVA,/cgi-bin/rawMAIN.pl?caCSVA,37° 33' 45,122° 26' 11,1998,2021
349,Sweetwater ,SWE,/cgi-bin/rawMAIN.pl?caCSWE,37° 23' 48,121° 29' 06,1994,1998
350,Tahoe Donner  ,TDN,/cgi-bin/rawMAIN.pl?caCTDN,39° 20' 18,120° 16' 24,2016,2021
351,Thomes Creek ,THO,/cgi-bin/rawMAIN.pl?caCTHO,39° 51' 52,122° 36' 35,1990,2021
352,Las Trampas ,TRA,/cgi-bin/rawMAIN.pl?caCTRA,37° 50' 02,122° 04' 01,1994,2021
353,Trench 1  ,TRE,/cgi-bin/rawMAIN.pl?caCTRE,38° 09' 41,118° 54' 40,1998,2002
354,Truckee Airport ,TRU,/cgi-bin/rawMAIN.pl?caCTRU,39° 19' 00,120° 08' 00,1987,1990
355,Gaylor Meadow      ,TUO,/cgi-bin/rawMAIN.pl?caCTUO,37° 52' 06,119° 19' 06,1988,2011
356,Walker  ,WAK,/cgi-bin/rawMAIN.pl?caCWAK,38° 33' 55,119° 27' 33,2001,2021
357,Wawona        ,WAW,/cgi-bin/rawMAIN.pl?caCWAW,37° 32' 24,119° 39' 06,2004,2021
358,White Cloud          ,WHC,/cgi-bin/rawMAIN.pl?caCWHC,39° 19' 00,120° 50' 15,1993,2021
359,White Horse         ,WHI,/cgi-bin/rawMAIN.pl?caCWHI,39° 31' 00,121° 35' 00,1995,1996
360,Woodacre  ,WOO,/cgi-bin/rawMAIN.pl?caCWOO,37° 59' 26,122° 38' 41,2003,2021
361,White Wolf         ,WWO,/cgi-bin/rawMAIN.pl?caCWWO,37° 51' 04,119° 39' 00,1988,2021
362,Arroyo Grande ,AGD,/cgi-bin/rawMAIN.pl?caCAGD,35° 10' 45,120° 23' 31,1997,2019
363,Alcalde  ,ALC,/cgi-bin/rawMAIN.pl?caCALC,36° 11' 00,120° 29' 55,2017,2021
364,Arroyo Seco (Mt. Diablo) ,ARR,/cgi-bin/rawMAIN.pl?caCARR,36° 13' 48,121° 29' 30,1996,2021
365,Ash Mountain  ,ASM,/cgi-bin/rawMAIN.pl?caCASM,36° 29' 29,118° 49' 31,2004,2021
366,Altamont  ,ATT,/cgi-bin/rawMAIN.pl?caCATT,37° 41' 35,121° 36' 34,2005,2021
367,Bradley  ,BDY,/cgi-bin/rawMAIN.pl?caCBDY,35° 51' 52,120° 48' 11,2002,2021
368,Bear Peak           ,BEA,/cgi-bin/rawMAIN.pl?caCBEA,35° 53' 03,118° 03' 06,1991,2021
369,Bear Valley  ,BEY,/cgi-bin/rawMAIN.pl?caCBEY,35° 08' 23,118° 37' 30,2002,2009
370,Blue Max  ,BMX,/cgi-bin/rawMAIN.pl?caCBMX,35° 42' 35,117° 58' 19,2005,2021
371,Branch Mountain ,BRA,/cgi-bin/rawMAIN.pl?caCBRA,35° 11' 20,120° 05' 00,1996,2021
372,Breckenridge  ,BRE,/cgi-bin/rawMAIN.pl?caCBRE,35° 27' 02,118° 35' 02,2004,2021
373,Blackrock ,BRK,/cgi-bin/rawMAIN.pl?caCBRK,36° 05' 35,118° 15' 37,1999,2021
374,Bird Springs Pass  ,BSP,/cgi-bin/rawMAIN.pl?caCBSP,35° 32' 09,118° 08' 25,2011,2021
375,Big Sur  ,BSR,/cgi-bin/rawMAIN.pl?caCBSR,36° 14' 08,121° 47' 06,2001,2021
376,Cahoon ,CAH,/cgi-bin/rawMAIN.pl?caCCAH,36° 20' 49,121° 30' 39,1990,1997
377,Cedar Grove  ,CDG,/cgi-bin/rawMAIN.pl?caCCDG,36° 47' 16,118° 39' 22,1999,2021
378,Case Mountain  ,CMO,/cgi-bin/rawMAIN.pl?caCCMO,36° 24' 39,118° 48' 33,2002,2021
379,Corralitos ,COR,/cgi-bin/rawMAIN.pl?caCCOR,36° 59' 28,121° 47' 52,1990,2021
380,Delonagha ,DEL,/cgi-bin/rawMAIN.pl?caCDEL,35° 34' 12,118° 37' 00,1997,2002
381,Democrat  ,DMC,/cgi-bin/rawMAIN.pl?caCDMC,35° 31' 54,118° 37' 49,2002,2021
382,Eureka Valley  ,EUR,/cgi-bin/rawMAIN.pl?caCEUR,37° 10' 35,117° 47' 19,2013,2021
383,Fancher Creek ,FAN,/cgi-bin/rawMAIN.pl?caCFAN,36° 53' 02,119° 27' 57,1990,2021
384,Fence Meadow ,FEN,/cgi-bin/rawMAIN.pl?caCFEN,36° 57' 41,119° 10' 30,1999,2021
385,Fort Hunter Liggett  ,FHL,/cgi-bin/rawMAIN.pl?caCFHL,36° 00' 42,121° 14' 30,2001,2021
386,Five Mile  ,FIV,/cgi-bin/rawMAIN.pl?caCFIV,35° 52' 18,117° 55' 06,1998,2021
387,Fort Ord #1  ,FO1,/cgi-bin/rawMAIN.pl?caCFO1,36° 37' 37,121° 47' 53,2001,2012
388,Fort Ord #2  ,FO2,/cgi-bin/rawMAIN.pl?caCFO2,36° 37' 37,121° 47' 11,2001,2012
389,Fountain Springs ,FOU,/cgi-bin/rawMAIN.pl?caCFOU,35° 53' 28,118° 54' 56,1990,2021
390,Fort Ord (Portable)   ,FTO,/cgi-bin/rawMAIN.pl?caCFTO,36° 35' 58,121° 45' 09,2001,2005
391,Golden Gate NRA #2   ,GG2,/cgi-bin/rawMAIN.pl?caCGG2,37° 48' 21,119° 47' 07,1994,1998
392,Golden Gate NRA #3   ,GG3,/cgi-bin/rawMAIN.pl?caCGG3,37° 39' 06,119° 50' 45,1995,1999
393,Hastings ,HAS,/cgi-bin/rawMAIN.pl?caCHAS,36° 23' 19,121° 33' 06,1997,2021
394,Hernandez ,HER,/cgi-bin/rawMAIN.pl?caCHER,36° 22' 57,120° 51' 21,1990,2021
395,Hollister  ,HLR,/cgi-bin/rawMAIN.pl?caCHLR,36° 50' 32,121° 21' 44,2002,2021
396,Hunter Mountain      ,HNM,/cgi-bin/rawMAIN.pl?caCHNM,36° 33' 45,117° 28' 25,1989,2021
397,Hart Flat  ,HTF,/cgi-bin/rawMAIN.pl?caCHTF,35° 15' 04,118° 36' 01,2005,2021
398,Indian Wells Canyon  ,INW,/cgi-bin/rawMAIN.pl?caCINW,35° 41' 06,117° 53' 22,1996,2021
399,Jawbone              ,JAW,/cgi-bin/rawMAIN.pl?caCJAW,35° 17' 41,118° 13' 35,1991,2021
400,Johnsondale    ,JOH,/cgi-bin/rawMAIN.pl?caCJOH,35° 58' 18,118° 32' 42,1998,2021
401,Kernville ,KER,/cgi-bin/rawMAIN.pl?caCKER,35° 45' 18,118° 25' 00,1999,2006
402,Kettleman Hills    ,KET,/cgi-bin/rawMAIN.pl?caCKET,36° 02' 00,120° 03' 25,1988,2021
403,River Kern  ,KV1,/cgi-bin/rawMAIN.pl?caCKV1,35° 46' 39,118° 25' 58,2004,2021
404,La Panza ,LAP,/cgi-bin/rawMAIN.pl?caCLAP,35° 22' 52,120° 11' 15,1990,2021
405,Laural Mountain  ,LAR,/cgi-bin/rawMAIN.pl?caCLAR,35° 28' 42,117° 41' 56,1996,2021
406,Lake County  ,LCR,/cgi-bin/rawMAIN.pl?caCLCR,39° 01' 56,122° 55' 20,2013,2021
407,Las Tablas ,LST,/cgi-bin/rawMAIN.pl?caCLST,35° 39' 23,120° 55' 27,1990,2021
408,Los Vaqueros  ,LVA,/cgi-bin/rawMAIN.pl?caCLVA,37° 49' 55,121° 42' 15,2003,2007
409,Lynch Canyon  ,LYC,/cgi-bin/rawMAIN.pl?caCLYC,35° 36' 42,118° 24' 18,2007,2021
410,Milo  ,MIO,/cgi-bin/rawMAIN.pl?caCMIO,36° 13' 53,118° 52' 08,2001,2021
411,Milk Ranch ,MLK,/cgi-bin/rawMAIN.pl?caCMLK,36° 29' 12,118° 46' 48,1997,1999
412,Marquez  ,MRQ,/cgi-bin/rawMAIN.pl?caCMRQ,36° 21' 35,120° 46' 23,2011,2021
413,Mtn Home  ,MTH,/cgi-bin/rawMAIN.pl?caCMTH,36° 13' 26,118° 39' 56,2018,2021
414,Oak Creek           ,OCR,/cgi-bin/rawMAIN.pl?caCOCR,36° 50' 37,118° 15' 56,1994,2021
415,Oak Opening  ,OKO,/cgi-bin/rawMAIN.pl?caCOKO,36° 10' 31,118° 42' 06,1996,2021
416,Opal Mountain         ,OPA,/cgi-bin/rawMAIN.pl?caCOPA,35° 09' 15,117° 10' 32,1991,2021
417,Panamint           ,PAN,/cgi-bin/rawMAIN.pl?caCPAN,36° 07' 13,117° 05' 16,1988,2015
418,Parkfield ,PAR,/cgi-bin/rawMAIN.pl?caCPAR,35° 53' 56,120° 25' 55,1990,2021
419,Peppermint   ,PEP,/cgi-bin/rawMAIN.pl?caCPEP,36° 04' 24,118° 32' 29,2004,2021
420,Pinehurst  ,PIH,/cgi-bin/rawMAIN.pl?caCPIH,36° 41' 07,119° 00' 00,2001,2021
421,Piutes  ,PIU,/cgi-bin/rawMAIN.pl?caCPIU,35° 25' 54,118° 19' 47,2004,2021
422,Park Ridge ,PKR,/cgi-bin/rawMAIN.pl?caCPKR,36° 43' 27,118° 56' 33,1997,2021
423,Pinnacles  ,PNN,/cgi-bin/rawMAIN.pl?caCPNN,36° 28' 15,121° 08' 50,2001,2021
424,Panoche Road ,PRD,/cgi-bin/rawMAIN.pl?caCPRD,36° 43' 37,120° 45' 57,1990,2021
425,Rattlesnake        ,RTL,/cgi-bin/rawMAIN.pl?caCRTL,36° 24' 25,118° 25' 18,1992,2020
426,Shadequarter ,SHQ,/cgi-bin/rawMAIN.pl?caCSHQ,36° 34' 02,118° 57' 20,1990,2021
427,Santa Rita            ,SNR,/cgi-bin/rawMAIN.pl?caCSNR,36° 20' 52,120° 35' 52,1991,2021
428,Squaw Springs       ,SQS,/cgi-bin/rawMAIN.pl?caCSQS,35° 22' 12,117° 34' 06,1991,2021
429,Saratoga Spring  ,SRT,/cgi-bin/rawMAIN.pl?caCSRT,35° 40' 50,116° 25' 20,2013,2021
430,Sugarloaf          ,SUG,/cgi-bin/rawMAIN.pl?caCSUG,36° 43' 36,118° 40' 30,1992,2020
431,Mount Tom ,TOM,/cgi-bin/rawMAIN.pl?caCTOM,37° 22' 34,119° 10' 42,1999,2021
432,Trimmer ,TRM,/cgi-bin/rawMAIN.pl?caCTRM,36° 54' 40,119° 18' 18,1999,2021
433,Twisselman  ,TWI,/cgi-bin/rawMAIN.pl?caCTWI,35° 21' 45,119° 49' 24,2005,2021
434,Walker Pass     ,WAL,/cgi-bin/rawMAIN.pl?caCWAL,35° 39' 53,118° 03' 25,1991,2021
435,Woody  ,WDY,/cgi-bin/rawMAIN.pl?caCWDY,35° 42' 22,118° 49' 57,2010,2021
436,Wofford Heights  ,WOF,/cgi-bin/rawMAIN.pl?caCWOF,35° 43' 18,118° 29' 56,1997,2021
437,Wolverton  ,WOL,/cgi-bin/rawMAIN.pl?caCWOL,36° 26' 42,118° 42' 12,1996,2021
438,Walker Passe  ,WPS,/cgi-bin/rawMAIN.pl?caCWPS,35° 39' 45,118° 01' 32,2005,2020
439,San Luis Obispo  ,SLO,/cgi-bin/rawMAIN.pl?caCSLO,35° 18' 10,120° 40' 43,2019,2021
440,San Simeon  ,SSM,/cgi-bin/rawMAIN.pl?caCSSM,35° 36' 18,121° 06' 51,2015,2021
441,Acton         ,ACT,/cgi-bin/rawMAIN.pl?caCACT,34° 26' 45,118° 12' 00,1995,2021
442,Arroyo Grande ,AGD,/cgi-bin/rawMAIN.pl?caCAGD,35° 10' 45,120° 23' 31,1997,2019
443,Angelus Hill  ,AHL,/cgi-bin/rawMAIN.pl?caCAHL,33° 48' 29,116° 51' 18,2008,2010
444,Alcalde  ,ALC,/cgi-bin/rawMAIN.pl?caCALC,36° 11' 00,120° 29' 55,2017,2021
445,Aliso Laguna  ,ALG,/cgi-bin/rawMAIN.pl?caCALG,33° 32' 10,117° 45' 12,2016,2021
446,Alpine  ,ALP,/cgi-bin/rawMAIN.pl?caCALP,32° 50' 01,116° 44' 21,2001,2021
447,Ammo Dump  ,AMM,/cgi-bin/rawMAIN.pl?caCAMM,33° 22' 53,117° 17' 08,2001,2013
448,Anacapa Island  ,ANA,/cgi-bin/rawMAIN.pl?caCANA,34° 00' 57,119° 21' 35,2004,2021
449,Anza ,ANZ,/cgi-bin/rawMAIN.pl?caCANZ,33° 33' 18,116° 40' 23,1995,2021
450,Apple Valley  ,APP,/cgi-bin/rawMAIN.pl?caCAPP,34° 35' 33,117° 10' 06,2004,2021
451,Arroyo Seco (Mt. Diablo) ,ARR,/cgi-bin/rawMAIN.pl?caCARR,36° 13' 48,121° 29' 30,1996,2021
452,Ash Mountain  ,ASM,/cgi-bin/rawMAIN.pl?caCASM,36° 29' 29,118° 49' 31,2004,2021
453,Banner Queen  ,BAN,/cgi-bin/rawMAIN.pl?caCBAN,33° 02' 06,116° 31' 51,1998,2001
454,Bell Canyon ,BCN,/cgi-bin/rawMAIN.pl?caCBCN,33° 32' 30,117° 35' 30,1993,2021
455,Bernadette  ,BDT,/cgi-bin/rawMAIN.pl?caCBDT,33° 38' 35,116° 46' 43,2008,2010
456,Bradley  ,BDY,/cgi-bin/rawMAIN.pl?caCBDY,35° 51' 52,120° 48' 11,2002,2021
457,Bear Peak           ,BEA,/cgi-bin/rawMAIN.pl?caCBEA,35° 53' 03,118° 03' 06,1991,2021
458,Beaumont  ,BEU,/cgi-bin/rawMAIN.pl?caCBEU,33° 55' 50,116° 57' 00,2003,2021
459,Beverly Hills ,BEV,/cgi-bin/rawMAIN.pl?caCBEV,34° 07' 30,118° 24' 44,1997,2021
460,Bear Valley  ,BEY,/cgi-bin/rawMAIN.pl?caCBEY,35° 08' 23,118° 37' 30,2002,2009
461,Big Pines  ,BIP,/cgi-bin/rawMAIN.pl?caCBIP,34° 22' 44,117° 41' 31,2002,2021
462,Boulevard  ,BLV,/cgi-bin/rawMAIN.pl?caCBLV,32° 39' 44,116° 16' 18,2005,2016
463,Blue Max  ,BMX,/cgi-bin/rawMAIN.pl?caCBMX,35° 42' 35,117° 58' 19,2005,2021
464,Banning  ,BNN,/cgi-bin/rawMAIN.pl?caCBNN,33° 58' 24,116° 54' 45,2017,2021
465,Boron                ,BOR,/cgi-bin/rawMAIN.pl?caCBOR,35° 04' 36,117° 35' 06,1991,1996
466,Big Pine Flat  ,BPI,/cgi-bin/rawMAIN.pl?caCBPI,34° 19' 10,117° 00' 47,2001,2021
467,Branch Mountain ,BRA,/cgi-bin/rawMAIN.pl?caCBRA,35° 11' 20,120° 05' 00,1996,2021
468,Breckenridge  ,BRE,/cgi-bin/rawMAIN.pl?caCBRE,35° 27' 02,118° 35' 02,2004,2021
469,Blackrock ,BRK,/cgi-bin/rawMAIN.pl?caCBRK,36° 05' 35,118° 15' 37,1999,2021
470,Burro Canyon (BAER)  ,BRR,/cgi-bin/rawMAIN.pl?caCBRR,34° 14' 44,117° 50' 17,2003,2006
471,Bouquet Reservoir  ,BRS,/cgi-bin/rawMAIN.pl?caCBRS,34° 34' 53,118° 24' 14,2002,2003
472,Barrett  ,BRT,/cgi-bin/rawMAIN.pl?caCBRT,32° 40' 03,116° 41' 58,2009,2021
473,Bird Springs Pass  ,BSP,/cgi-bin/rawMAIN.pl?caCBSP,35° 32' 09,118° 08' 25,2011,2021
474,Big Sur  ,BSR,/cgi-bin/rawMAIN.pl?caCBSR,36° 14' 08,121° 47' 06,2001,2021
475,Burns Canyon       ,BUR,/cgi-bin/rawMAIN.pl?caCBUR,34° 12' 37,116° 38' 02,1991,2021
476,Buttercup  ,BUU,/cgi-bin/rawMAIN.pl?caCBUU,32° 44' 23,114° 53' 02,2000,2021
477,Cahuilla  ,CAA,/cgi-bin/rawMAIN.pl?caCCAA,32° 58' 25,115° 10' 25,2000,2021
478,Cabazon  ,CAB,/cgi-bin/rawMAIN.pl?caCCAB,33° 55' 55,116° 48' 19,2010,2021
479,Camp Elliot   ,CAE,/cgi-bin/rawMAIN.pl?caCCAE,32° 51' 33,117° 06' 20,2004,2021
480,Cahoon ,CAH,/cgi-bin/rawMAIN.pl?caCCAH,36° 20' 49,121° 30' 39,1990,1997
481,Cameron Fire Station  ,CAM,/cgi-bin/rawMAIN.pl?caCCAM,32° 43' 17,116° 27' 47,1994,2021
482,Carrizo           ,CAR,/cgi-bin/rawMAIN.pl?caCCAR,35° 05' 47,119° 46' 22,1991,2021
483,Case Springs ,CAS,/cgi-bin/rawMAIN.pl?caCCAS,33° 26' 42,117° 25' 05,1992,2021
484,Cedar Grove  ,CDG,/cgi-bin/rawMAIN.pl?caCCDG,36° 47' 16,118° 39' 22,1999,2021
485,Catalina - Dakin Peak  ,CDP,/cgi-bin/rawMAIN.pl?caCCDP,33° 21' 03,118° 21' 08,2016,2021
486,Cheeseboro           ,CHB,/cgi-bin/rawMAIN.pl?caCCHB,34° 11' 05,118° 43' 02,1995,2021
487,Chilao              ,CHI,/cgi-bin/rawMAIN.pl?caCCHI,34° 19' 54,118° 01' 49,1986,2021
488,Chuchupate  ,CHU,/cgi-bin/rawMAIN.pl?caCCHU,34° 48' 30,119° 00' 45,1999,2021
489,Claremont ,CLA,/cgi-bin/rawMAIN.pl?caCCLA,34° 08' 13,117° 42' 25,1998,2021
490,Clear Creek  ,CLE,/cgi-bin/rawMAIN.pl?caCCLE,34° 16' 16,118° 09' 09,2002,2021
491,Clark  ,CLK,/cgi-bin/rawMAIN.pl?caCCLK,33° 52' 36,117° 18' 32,2000,2021
492,Case Mountain  ,CMO,/cgi-bin/rawMAIN.pl?caCCMO,36° 24' 39,118° 48' 33,2002,2021
493,Corona #2  ,CO2,/cgi-bin/rawMAIN.pl?caCCO2,33° 49' 08,117° 34' 25,2010,2021
494,Corona  ,COA,/cgi-bin/rawMAIN.pl?caCCOA,33° 52' 28,117° 32' 57,2001,2011
495,Converse ,CON,/cgi-bin/rawMAIN.pl?caCCON,34° 11' 39,116° 54' 47,1997,2021
496,Corralitos ,COR,/cgi-bin/rawMAIN.pl?caCCOR,36° 59' 28,121° 47' 52,1990,2021
497,Covington  ,COV,/cgi-bin/rawMAIN.pl?caCCOV,34° 03' 12,116° 20' 03,2001,2004
498,Camp 9 ,CP9,/cgi-bin/rawMAIN.pl?caCCP9,34° 21' 42,118° 25' 18,1995,2021
499,Carpinteria  ,CRP,/cgi-bin/rawMAIN.pl?caCCRP,34° 26' 40,119° 30' 47,2019,2021
500,Cranston  ,CRT,/cgi-bin/rawMAIN.pl?caCCRT,33° 44' 25,116° 50' 29,2002,2021
501,Crystal Lake (BAER)  ,CRY,/cgi-bin/rawMAIN.pl?caCCRY,34° 19' 05,117° 50' 30,2003,2005
502,Casitas  ,CS2,/cgi-bin/rawMAIN.pl?caCCS2,34° 24' 29,119° 22' 13,2004,2021
503,Casitas ,CST,/cgi-bin/rawMAIN.pl?caCCST,34° 50' 00,119° 22' 00,1985,1991
504,Cathedral Canyon  ,CTH,/cgi-bin/rawMAIN.pl?caCCTH,33° 46' 07,116° 28' 48,2005,2021
505,Cuyama Valley  ,CUY,/cgi-bin/rawMAIN.pl?caCCUY,34° 57' 55,119° 52' 49,2019,2021
506,Delonagha ,DEL,/cgi-bin/rawMAIN.pl?caCDEL,35° 34' 12,118° 37' 00,1997,2002
507,Descanso   ,DES,/cgi-bin/rawMAIN.pl?caCDES,32° 51' 25,116° 37' 20,1997,2021
508,Democrat  ,DMC,/cgi-bin/rawMAIN.pl?caCDMC,35° 31' 54,118° 37' 49,2002,2021
509,Delnorte ,DNO,/cgi-bin/rawMAIN.pl?caCDNO,34° 00' 33,119° 39' 15,1999,2010
510,DWP Powerplant #1  ,DP1,/cgi-bin/rawMAIN.pl?caCDP1,34° 35' 56,118° 27' 04,2000,2004
511,Dos Palmas  ,DPA,/cgi-bin/rawMAIN.pl?caCDPA,33° 30' 19,115° 50' 23,2010,2021
512,Devore 2  ,DV2,/cgi-bin/rawMAIN.pl?caCDV2,34° 10' 56,117° 23' 06,2017,2021
513,Del Valle ,DVA,/cgi-bin/rawMAIN.pl?caCDVA,34° 25' 52,118° 40' 58,1998,2021
514,Devore ,DVR,/cgi-bin/rawMAIN.pl?caCDVR,34° 13' 16,117° 24' 16,1990,2017
515,El Cariso        ,ELC,/cgi-bin/rawMAIN.pl?caCELC,33° 38' 50,117° 24' 40,1995,2021
516,El Mirage  ,ELM,/cgi-bin/rawMAIN.pl?caCELM,34° 38' 04,117° 33' 01,1997,2021
517,CalFire Portable #31  ,F31,/cgi-bin/rawMAIN.pl?caCF31,34° 10' 55,117° 23' 07,2016,2017
518,Fancher Creek ,FAN,/cgi-bin/rawMAIN.pl?caCFAN,36° 53' 02,119° 27' 57,1990,2021
519,Fawnskin           ,FAW,/cgi-bin/rawMAIN.pl?caCFAW,34° 15' 58,116° 53' 56,1995,2021
520,Fence Meadow ,FEN,/cgi-bin/rawMAIN.pl?caCFEN,36° 57' 41,119° 10' 30,1999,2021
521,Fort Hunter Liggett  ,FHL,/cgi-bin/rawMAIN.pl?caCFHL,36° 00' 42,121° 14' 30,2001,2021
522,Figueroa  ,FIG,/cgi-bin/rawMAIN.pl?caCFIG,34° 43' 59,120° 00' 24,2002,2021
523,Fish Creek Mtn     ,FIS,/cgi-bin/rawMAIN.pl?caCFIS,32° 59' 25,116° 04' 01,1988,2021
524,Five Mile  ,FIV,/cgi-bin/rawMAIN.pl?caCFIV,35° 52' 18,117° 55' 06,1998,2021
525,Fallbrook  ,FLB,/cgi-bin/rawMAIN.pl?caCFLB,33° 22' 58,117° 17' 08,2018,2021
526,Fort Ord #1  ,FO1,/cgi-bin/rawMAIN.pl?caCFO1,36° 37' 37,121° 47' 53,2001,2012
527,Fort Ord #2  ,FO2,/cgi-bin/rawMAIN.pl?caCFO2,36° 37' 37,121° 47' 11,2001,2012
528,Fountain Springs ,FOU,/cgi-bin/rawMAIN.pl?caCFOU,35° 53' 28,118° 54' 56,1990,2021
529,Fremont Canyon ,FRE,/cgi-bin/rawMAIN.pl?caCFRE,33° 48' 29,117° 42' 40,1991,2021
530,Fort Ord (Portable)   ,FTO,/cgi-bin/rawMAIN.pl?caCFTO,36° 35' 58,121° 45' 09,2001,2005
531,Gaviota  ,GAV,/cgi-bin/rawMAIN.pl?caCGAV,34° 29' 18,120° 14' 09,2018,2021
532,Glen Annie ,GLN,/cgi-bin/rawMAIN.pl?caCGLN,34° 28' 24,119° 52' 10,1992,1995
533,Goose Valley  ,GOO,/cgi-bin/rawMAIN.pl?caCGOO,33° 04' 25,116° 50' 45,2000,2021
534,Granite Mountain     ,GRA,/cgi-bin/rawMAIN.pl?caCGRA,34° 32' 08,117° 01' 33,1991,2005
535,Grapevine Peak  ,GRP,/cgi-bin/rawMAIN.pl?caCGRP,34° 54' 06,118° 54' 12,2005,2021
536,Grass Mountain  ,GRS,/cgi-bin/rawMAIN.pl?caCGRS,34° 38' 27,118° 24' 51,2004,2021
537,Hawkins  ,HAK,/cgi-bin/rawMAIN.pl?caCHAK,34° 18' 41,117° 48' 34,2002,2003
538,Hastings ,HAS,/cgi-bin/rawMAIN.pl?caCHAS,36° 23' 19,121° 33' 06,1997,2021
539,Henninger Flats  ,HEN,/cgi-bin/rawMAIN.pl?caCHEN,34° 11' 42,118° 05' 36,2009,2021
540,Hernandez ,HER,/cgi-bin/rawMAIN.pl?caCHER,36° 22' 57,120° 51' 21,1990,2021
541,Hollister  ,HLR,/cgi-bin/rawMAIN.pl?caCHLR,36° 50' 32,121° 21' 44,2002,2021
542,Hunter Mountain      ,HNM,/cgi-bin/rawMAIN.pl?caCHNM,36° 33' 45,117° 28' 25,1989,2021
543,Hoeppel  ,HOE,/cgi-bin/rawMAIN.pl?caCHOE,32° 55' 36,118° 31' 54,2012,2021
544,Horse Thief Springs   ,HOR,/cgi-bin/rawMAIN.pl?caCHOR,35° 46' 14,115° 54' 33,1991,2021
545,Heaps Peak  ,HPP,/cgi-bin/rawMAIN.pl?caCHPP,34° 14' 10,117° 08' 21,2011,2021
546,Horse  ,HRE,/cgi-bin/rawMAIN.pl?caCHRE,34° 12' 19,117° 48' 41,2002,2003
547,Harmon  ,HRM,/cgi-bin/rawMAIN.pl?caCHRM,34° 19' 09,119° 11' 62,2020,2021
548,Hart Flat  ,HTF,/cgi-bin/rawMAIN.pl?caCHTF,35° 15' 04,118° 36' 01,2005,2021
549,Indian Mountain  ,IMT,/cgi-bin/rawMAIN.pl?caCIMT,33° 46' 36,116° 47' 45,2008,2010
550,Indian Wells Canyon  ,INW,/cgi-bin/rawMAIN.pl?caCINW,35° 41' 06,117° 53' 22,1996,2021
551,Japatul Fire Station  ,JAP,/cgi-bin/rawMAIN.pl?caCJAP,32° 44' 40,116° 40' 24,2020,2021
552,Jawbone              ,JAW,/cgi-bin/rawMAIN.pl?caCJAW,35° 17' 41,118° 13' 35,1991,2021
553,Juniper Flat ,JFL,/cgi-bin/rawMAIN.pl?caCJFL,33° 46' 41,117° 05' 06,1990,2000
554,Johnsondale    ,JOH,/cgi-bin/rawMAIN.pl?caCJOH,35° 58' 18,118° 32' 42,1998,2021
555,Julian ,JUL,/cgi-bin/rawMAIN.pl?caCJUL,33° 04' 33,116° 35' 27,1993,2021
556,Keenwild           ,KEE,/cgi-bin/rawMAIN.pl?caCKEE,33° 40' 00,116° 46' 00,1990,2021
557,Kernville ,KER,/cgi-bin/rawMAIN.pl?caCKER,35° 45' 18,118° 25' 00,1999,2006
558,Kettleman Hills    ,KET,/cgi-bin/rawMAIN.pl?caCKET,36° 02' 00,120° 03' 25,1988,2021
559,Kenworthy  ,KNW,/cgi-bin/rawMAIN.pl?caCKNW,33° 37' 01,116° 37' 20,2017,2021
560,River Kern  ,KV1,/cgi-bin/rawMAIN.pl?caCKV1,35° 46' 39,118° 25' 58,2004,2021
561,Mt. Laguna ,LAG,/cgi-bin/rawMAIN.pl?caCLAG,32° 52' 47,116° 25' 13,1996,2021
562,La Panza ,LAP,/cgi-bin/rawMAIN.pl?caCLAP,35° 22' 52,120° 11' 15,1990,2021
563,Laural Mountain  ,LAR,/cgi-bin/rawMAIN.pl?caCLAR,35° 28' 42,117° 41' 56,1996,2021
564,Leo Carrillo ,LEO,/cgi-bin/rawMAIN.pl?caCLEO,34° 02' 44,118° 56' 09,1999,2021
565,Las Flores  ,LFL,/cgi-bin/rawMAIN.pl?caCLFL,33° 18' 35,117° 25' 25,2014,2021
566,Lost Horse         ,LHO,/cgi-bin/rawMAIN.pl?caCLHO,34° 01' 04,116° 11' 16,1991,2021
567,Los Prietos  ,LOP,/cgi-bin/rawMAIN.pl?caCLOP,34° 32' 09,119° 47' 00,1997,2021
568,Lake Palmdale  ,LPA,/cgi-bin/rawMAIN.pl?caCLPA,34° 32' 14,118° 06' 05,2004,2021
569,Las Flores ,LSF,/cgi-bin/rawMAIN.pl?caCLSF,33° 17' 20,117° 26' 20,1992,2010
570,Las Tablas ,LST,/cgi-bin/rawMAIN.pl?caCLST,35° 39' 23,120° 55' 27,1990,2021
571,Little Tujunga  ,LTU,/cgi-bin/rawMAIN.pl?caCLTU,34° 17' 37,118° 21' 39,2002,2021
572,Lynch Canyon  ,LYC,/cgi-bin/rawMAIN.pl?caCLYC,35° 36' 42,118° 24' 18,2007,2021
573,Lytle Creek  ,LYT,/cgi-bin/rawMAIN.pl?caCLYT,34° 14' 02,117° 28' 49,2002,2021
574,Malibu Hills ,MAL,/cgi-bin/rawMAIN.pl?caCMAL,34° 03' 30,118° 38' 00,1995,2021
575,Mill Creek (BDF) ,MCB,/cgi-bin/rawMAIN.pl?caCMCB,34° 05' 01,117° 02' 05,1998,2021
576,Malibu Canyon  ,MCN,/cgi-bin/rawMAIN.pl?caCMCN,34° 05' 59,118° 42' 12,2004,2021
577,Means Lake  ,MEA,/cgi-bin/rawMAIN.pl?caCMEA,34° 23' 26,116° 31' 01,1995,2021
578,Mid Hills          ,MID,/cgi-bin/rawMAIN.pl?caCMID,35° 07' 23,115° 24' 41,1991,2021
579,Mill Creek (ANF)   ,MIL,/cgi-bin/rawMAIN.pl?caCMIL,34° 23' 25,118° 04' 57,1989,2021
580,Milo  ,MIO,/cgi-bin/rawMAIN.pl?caCMIO,36° 13' 53,118° 52' 08,2001,2021
581,Miramar East  ,MIS,/cgi-bin/rawMAIN.pl?caCMIS,32° 52' 32,117° 03' 34,2012,2021
582,Milk Ranch ,MLK,/cgi-bin/rawMAIN.pl?caCMLK,36° 29' 12,118° 46' 48,1997,1999
583,Miller Ranch  ,MLL,/cgi-bin/rawMAIN.pl?caCMLL,34° 08' 54,119° 00' 40,2020,2021
584,Montecito #2  ,MN2,/cgi-bin/rawMAIN.pl?caCMN2,34° 26' 42,119° 37' 34,2011,2021
585,Montecito ,MNC,/cgi-bin/rawMAIN.pl?caCMNC,34° 27' 41,119° 38' 53,1996,2021
586,Mojave River Sink  ,MOJ,/cgi-bin/rawMAIN.pl?caCMOJ,35° 03' 11,116° 04' 46,1988,2011
587,Mormon Rock ,MOR,/cgi-bin/rawMAIN.pl?caCMOR,34° 19' 03,117° 30' 07,1999,2021
588,Marquez  ,MRQ,/cgi-bin/rawMAIN.pl?caCMRQ,36° 21' 35,120° 46' 23,2011,2021
589,Mountain Springs Grade  ,MSG,/cgi-bin/rawMAIN.pl?caCMSG,32° 40' 29,116° 05' 40,2014,2021
590,Mt. San Jacinto  ,MSJ,/cgi-bin/rawMAIN.pl?caCMSJ,33° 48' 55,116° 38' 31,2008,2021
591,Mtn Home  ,MTH,/cgi-bin/rawMAIN.pl?caCMTH,36° 13' 26,118° 39' 56,2018,2021
592,Mateo Ridge  ,MTR,/cgi-bin/rawMAIN.pl?caCMTR,33° 24' 56,117° 31' 29,2014,2021
593,Mt. Washington  ,MTW,/cgi-bin/rawMAIN.pl?caCMTW,34° 06' 15,118° 12' 54,2009,2019
594,Mission Valley  ,MVA,/cgi-bin/rawMAIN.pl?caCMVA,32° 46' 48,117° 12' 00,2016,2021
595,Newhall Pass  ,NEW,/cgi-bin/rawMAIN.pl?caCNEW,34° 20' 13,118° 31' 13,2005,2021
596,San Clemente Isl. Nursery  ,NSC,/cgi-bin/rawMAIN.pl?caCNSC,32° 58' 44,118° 33' 10,2012,2021
597,Oak Creek           ,OCR,/cgi-bin/rawMAIN.pl?caCOCR,36° 50' 37,118° 15' 56,1994,2021
598,Oak Grove #2  ,OG2,/cgi-bin/rawMAIN.pl?caCOG2,33° 23' 09,116° 47' 48,2010,2011
599,Ojai  ,OJA,/cgi-bin/rawMAIN.pl?caCOJA,34° 26' 54,119° 13' 49,2000,2013
600,Oak Grove         ,OKG,/cgi-bin/rawMAIN.pl?caCOKG,33° 23' 36,116° 47' 42,1995,2021
601,Oak Opening  ,OKO,/cgi-bin/rawMAIN.pl?caCOKO,36° 10' 31,118° 42' 06,1996,2021
602,Opal Mountain         ,OPA,/cgi-bin/rawMAIN.pl?caCOPA,35° 09' 15,117° 10' 32,1991,2021
603,Otay Mountain  ,OTA,/cgi-bin/rawMAIN.pl?caCOTA,32° 36' 03,116° 50' 28,2010,2021
604,OX Ranch  ,OXR,/cgi-bin/rawMAIN.pl?caCOXR,35° 12' 08,115° 11' 54,2013,2021
605,Ozena  ,OZE,/cgi-bin/rawMAIN.pl?caCOZE,34° 40' 55,119° 21' 14,2001,2021
606,Palomar  ,PAL,/cgi-bin/rawMAIN.pl?caCPAL,33° 21' 30,116° 52' 02,2004,2021
607,Panamint           ,PAN,/cgi-bin/rawMAIN.pl?caCPAN,36° 07' 13,117° 05' 16,1988,2015
608,Parkfield ,PAR,/cgi-bin/rawMAIN.pl?caCPAR,35° 53' 56,120° 25' 55,1990,2021
609,Peppermint   ,PEP,/cgi-bin/rawMAIN.pl?caCPEP,36° 04' 24,118° 32' 29,2004,2021
610,Poppet Flats  ,PFL,/cgi-bin/rawMAIN.pl?caCPFL,33° 51' 23,116° 51' 37,2008,2021
611,Pine Hills  ,PHI,/cgi-bin/rawMAIN.pl?caCPHI,33° 00' 59,116° 38' 02,2001,2021
612,Picacho Wash       ,PIC,/cgi-bin/rawMAIN.pl?caCPIC,32° 57' 00,114° 43' 56,1988,1996
613,Pinehurst  ,PIH,/cgi-bin/rawMAIN.pl?caCPIH,36° 41' 07,119° 00' 00,2001,2021
614,Piru  ,PIR,/cgi-bin/rawMAIN.pl?caCPIR,34° 24' 16,118° 48' 36,2001,2012
615,Piutes  ,PIU,/cgi-bin/rawMAIN.pl?caCPIU,35° 25' 54,118° 19' 47,2004,2021
616,Park Ridge ,PKR,/cgi-bin/rawMAIN.pl?caCPKR,36° 43' 27,118° 56' 33,1997,2021
617,Pala  ,PLA,/cgi-bin/rawMAIN.pl?caCPLA,33° 21' 40,117° 06' 21,2009,2021
618,Pinnacles  ,PNN,/cgi-bin/rawMAIN.pl?caCPNN,36° 28' 15,121° 08' 50,2001,2021
619,Pinyon  ,PNY,/cgi-bin/rawMAIN.pl?caCPNY,33° 34' 40,116° 27' 14,2006,2021
620,Poppy Park ,POP,/cgi-bin/rawMAIN.pl?caCPOP,34° 43' 57,118° 23' 00,1995,2021
621,Potrero ,POT,/cgi-bin/rawMAIN.pl?caCPOT,32° 36' 21,116° 36' 32,1990,2021
622,Panoche Road ,PRD,/cgi-bin/rawMAIN.pl?caCPRD,36° 43' 37,120° 45' 57,1990,2021
623,Porter Ranch  ,PRT,/cgi-bin/rawMAIN.pl?caCPRT,34° 18' 12,118° 34' 36,2020,2021
624,Purisima Hills  ,PUR,/cgi-bin/rawMAIN.pl?caCPUR,34° 42' 44,120° 23' 29,2020,2021
625,Rock Camp  ,RCC,/cgi-bin/rawMAIN.pl?caCRCC,34° 17' 17,117° 12' 45,2003,2021
626,Ranchita ,RCH,/cgi-bin/rawMAIN.pl?caCRCH,33° 13' 20,116° 29' 51,1995,2021
627,Refugio  ,RFU,/cgi-bin/rawMAIN.pl?caCRFU,34° 31' 00,120° 04' 31,2015,2021
628,Ranger Peak  ,RGP,/cgi-bin/rawMAIN.pl?caCRGP,33° 50' 22,116° 49' 13,2008,2010
629,Rice Valley        ,RIC,/cgi-bin/rawMAIN.pl?caCRIC,34° 03' 39,114° 43' 56,1988,2021
630,Roblar Canyon  ,ROB,/cgi-bin/rawMAIN.pl?caCROB,33° 22' 20,117° 21' 35,2014,2021
631,Rose Valley          ,ROS,/cgi-bin/rawMAIN.pl?caCROS,34° 32' 35,119° 11' 03,1993,2021
632,Rattlesnake        ,RTL,/cgi-bin/rawMAIN.pl?caCRTL,36° 24' 25,118° 25' 18,1992,2020
633,Saddleback Butte ,SAD,/cgi-bin/rawMAIN.pl?caCSAD,34° 41' 05,117° 49' 15,1998,2021
634,Sage  ,SAG,/cgi-bin/rawMAIN.pl?caCSAG,33° 36' 20,116° 56' 21,2010,2021
635,Saugus ,SAU,/cgi-bin/rawMAIN.pl?caCSAU,34° 25' 30,118° 31' 30,1994,2021
636,Santa Barbara Island ,SBB,/cgi-bin/rawMAIN.pl?caCSBB,33° 29' 00,119° 02' 00,1995,2021
637,Santa Barbara Botanic Garden  ,SBG,/cgi-bin/rawMAIN.pl?caCSBG,34° 27' 21,119° 42' 20,2011,2021
638,OP1 - San Clemente Island  ,SC1,/cgi-bin/rawMAIN.pl?caCSC1,32° 49' 35,118° 21' 42,2012,2021
639,San Clemente NRO  ,SCE,/cgi-bin/rawMAIN.pl?caCSCE,32° 59' 46,118° 33' 11,2014,2021
640,Santa Cruz Island      ,SCI,/cgi-bin/rawMAIN.pl?caCSCI,33° 59' 45,119° 43' 20,1990,2021
641,San Clemente Island  ,SCL,/cgi-bin/rawMAIN.pl?caCSCL,32° 50' 24,118° 23' 15,2000,2006
642,Sedgwick  ,SED,/cgi-bin/rawMAIN.pl?caCSED,34° 40' 50,120° 02' 51,2017,2021
643,Santa Fe Dam ,SFD,/cgi-bin/rawMAIN.pl?caCSFD,34° 07' 15,117° 56' 45,1993,2021
644,Shadequarter ,SHQ,/cgi-bin/rawMAIN.pl?caCSHQ,36° 34' 02,118° 57' 20,1990,2021
645,Simi Valley  ,SIV,/cgi-bin/rawMAIN.pl?caCSIV,34° 17' 28,118° 48' 52,2001,2012
646,San Marcos  ,SMA,/cgi-bin/rawMAIN.pl?caCSMA,34° 30' 45,119° 49' 23,1992,1995
647,San Miguel  ,SMI,/cgi-bin/rawMAIN.pl?caCSMI,32° 41' 06,116° 58' 25,2002,2021
648,San Marcos Pass  ,SMP,/cgi-bin/rawMAIN.pl?caCSMP,34° 29' 29,119° 47' 47,2015,2021
649,Santa Rita            ,SNR,/cgi-bin/rawMAIN.pl?caCSNR,36° 20' 52,120° 35' 52,1991,2021
650,San Pasqual  ,SPQ,/cgi-bin/rawMAIN.pl?caCSPQ,33° 05' 29,117° 00' 44,2009,2021
651,Squaw Springs       ,SQS,/cgi-bin/rawMAIN.pl?caCSQS,35° 22' 12,117° 34' 06,1991,2021
652,Squaw Lake         ,SQU,/cgi-bin/rawMAIN.pl?caCSQU,32° 54' 30,114° 29' 40,1986,2021
653,San Rafael Hills  ,SRH,/cgi-bin/rawMAIN.pl?caCSRH,34° 11' 39,118° 12' 45,2004,2021
654,Santa Rosa Island     ,SRI,/cgi-bin/rawMAIN.pl?caCSRI,33° 58' 40,120° 04' 40,1990,2021
655,Santa Rosa Plateau ,SRO,/cgi-bin/rawMAIN.pl?caCSRO,33° 31' 43,117° 13' 50,1993,2021
656,Saratoga Spring  ,SRT,/cgi-bin/rawMAIN.pl?caCSRT,35° 40' 50,116° 25' 20,2013,2021
657,Sunset  ,SS1,/cgi-bin/rawMAIN.pl?caCSS1,34° 12' 35,117° 41' 27,2002,2003
658,Sugarloaf          ,SUG,/cgi-bin/rawMAIN.pl?caCSUG,36° 43' 36,118° 40' 30,1992,2020
659,Santa Ysabel  ,SYS,/cgi-bin/rawMAIN.pl?caCSYS,33° 06' 39,116° 40' 16,2009,2014
660,Talega  ,TAL,/cgi-bin/rawMAIN.pl?caCTAL,33° 28' 41,117° 29' 09,2001,2018
661,Tanbark             ,TAN,/cgi-bin/rawMAIN.pl?caCTAN,34° 12' 25,117° 45' 38,1986,2021
662,Target Range ,TAR,/cgi-bin/rawMAIN.pl?caCTAR,33° 22' 20,117° 21' 32,1992,2011
663,Temescal (LPF)  ,TE2,/cgi-bin/rawMAIN.pl?caCTE2,34° 28' 50,118° 45' 20,2001,2021
664,Temescal   ,TEM,/cgi-bin/rawMAIN.pl?caCTEM,34° 29' 00,118° 36' 00,1985,1991
665,Tepusquet  ,TEP,/cgi-bin/rawMAIN.pl?caCTEP,34° 55' 12,120° 10' 52,2015,2021
666,Thousand Oaks  ,THS,/cgi-bin/rawMAIN.pl?caCTHS,34° 12' 36,118° 52' 12,2002,2012
667,Talega Ridge  ,TLR,/cgi-bin/rawMAIN.pl?caCTLR,33° 28' 39,117° 29' 11,2014,2021
668,Temescal (CNF)  ,TM2,/cgi-bin/rawMAIN.pl?caCTM2,33° 45' 45,117° 28' 58,2000,2011
669,Temescal #2 (CNF)  ,TMC,/cgi-bin/rawMAIN.pl?caCTMC,33° 45' 22,117° 29' 48,2010,2021
670,Tonner Canyon  ,TON,/cgi-bin/rawMAIN.pl?caCTON,33° 56' 51,117° 49' 20,2004,2021
671,Topanga  ,TOP,/cgi-bin/rawMAIN.pl?caCTOP,34° 08' 10,118° 36' 22,2011,2021
672,Trimmer ,TRM,/cgi-bin/rawMAIN.pl?caCTRM,36° 54' 40,119° 18' 18,1999,2021
673,Twisselman  ,TWI,/cgi-bin/rawMAIN.pl?caCTWI,35° 21' 45,119° 49' 24,2005,2021
674,Valley Center ,VAL,/cgi-bin/rawMAIN.pl?caCVAL,33° 14' 14,117° 00' 31,1990,2021
675,Valyermo  ,VAY,/cgi-bin/rawMAIN.pl?caCVAY,34° 26' 44,117° 51' 04,2002,2021
676,Vista Grande  ,VIS,/cgi-bin/rawMAIN.pl?caCVIS,33° 50' 15,116° 48' 30,2008,2021
677,Vandenberg  ,VND,/cgi-bin/rawMAIN.pl?caCVND,34° 45' 31,120° 29' 10,2002,2021
678,Walker Pass     ,WAL,/cgi-bin/rawMAIN.pl?caCWAL,35° 39' 53,118° 03' 25,1991,2021
679,Warm Springs        ,WAR,/cgi-bin/rawMAIN.pl?caCWAR,34° 35' 45,118° 34' 43,1986,2021
680,Wood Canyon  ,WCN,/cgi-bin/rawMAIN.pl?caCWCN,34° 00' 32,116° 49' 20,2008,2010
681,Woody  ,WDY,/cgi-bin/rawMAIN.pl?caCWDY,35° 42' 22,118° 49' 57,2010,2021
682,Whittier Hills ,WHH,/cgi-bin/rawMAIN.pl?caCWHH,33° 59' 02,118° 00' 36,1999,2021
683,Wiley Ridge  ,WIL,/cgi-bin/rawMAIN.pl?caCWIL,34° 22' 18,118° 50' 27,2003,2021
684,Wire Mountain  ,WIR,/cgi-bin/rawMAIN.pl?caCWIR,33° 14' 08,117° 22' 05,2014,2021
685,Wilson Canyon  ,WLS,/cgi-bin/rawMAIN.pl?caCWLS,33° 58' 34,115° 59' 42,2013,2021
686,Wofford Heights  ,WOF,/cgi-bin/rawMAIN.pl?caCWOF,35° 43' 18,118° 29' 56,1997,2021
687,Wolverton  ,WOL,/cgi-bin/rawMAIN.pl?caCWOL,36° 26' 42,118° 42' 12,1996,2021
688,Whitaker Peak  ,WPK,/cgi-bin/rawMAIN.pl?caCWPK,34° 34' 07,118° 44' 25,1999,2021
689,Walker Passe  ,WPS,/cgi-bin/rawMAIN.pl?caCWPS,35° 39' 45,118° 01' 32,2005,2020
690,Yucca Valley ,YUC,/cgi-bin/rawMAIN.pl?caCYUC,34° 07' 24,116° 24' 28,1990,2021
