,station,abbrv,url,latitude,longitude,start_year,end_year,decimal_lat,decimal_long
0,Arbuckle Basin ,ABS,/cgi-bin/rawMAIN.pl?caCABS,"40° 23' 54.00""N","122° 50' 00.00""W",1995,2021,40.39833333333333,-122.83333333333333
1,Alder Springs       ,ALD,/cgi-bin/rawMAIN.pl?caCALD,"39° 39' 05.00""N","122° 43' 25.00""W",1994,2021,39.65138888888889,-122.72361111111111
2,Alder Point ,APT,/cgi-bin/rawMAIN.pl?caCAPT,"40° 11' 12.00""N","123° 35' 25.00""W",1991,2021,40.18666666666666,-123.59027777777777
3,Ash Creek  ,ASC,/cgi-bin/rawMAIN.pl?caCASC,"41° 16' 37.00""N","121° 58' 46.00""W",1989,2021,41.276944444444446,-121.97944444444444
4,Ash Valley          ,ASH,/cgi-bin/rawMAIN.pl?caCASH,"41° 03' 07.00""N","120° 41' 10.00""W",1991,2014,41.051944444444445,-120.68611111111112
5,Atlas Peak  ,ATL,/cgi-bin/rawMAIN.pl?caCATL,"38° 28' 29.00""N","122° 15' 53.00""W",2005,2021,38.474722222222226,-122.26472222222222
6,Backbone  ,BAC,/cgi-bin/rawMAIN.pl?caCBAC,"40° 53' 21.00""N","123° 08' 32.00""W",2000,2021,40.88916666666667,-123.14222222222223
7,Bald Mtn Loc       ,BAL,/cgi-bin/rawMAIN.pl?caCBAL,"38° 54' 20.00""N","120° 41' 50.00""W",1989,2021,38.90555555555555,-120.69722222222222
8,Burney Basin #1  ,BB1,/cgi-bin/rawMAIN.pl?caCBB1,"41° 10' 01.00""N","121° 29' 37.00""W",2010,2010,41.16694444444444,-121.49361111111111
9,Burney Basin #2  ,BB2,/cgi-bin/rawMAIN.pl?caCBB2,"40° 54' 18.00""N","121° 38' 42.00""W",2010,2010,40.905,-121.64500000000001
10,Burney Basin #3  ,BB3,/cgi-bin/rawMAIN.pl?caCBB3,"40° 48' 32.00""N","121° 24' 54.00""W",2010,2010,40.80888888888889,-121.415
11,Burney Basin #4  ,BB4,/cgi-bin/rawMAIN.pl?caCBB4,"41° 00' 25.00""N","121° 29' 24.00""W",2010,2010,41.00694444444444,-121.49
12,Burney Basin #5  ,BB5,/cgi-bin/rawMAIN.pl?caCBB5,"40° 52' 29.00""N","121° 46' 20.00""W",2010,2010,40.874722222222225,-121.77222222222223
13,Big Bar              ,BBR,/cgi-bin/rawMAIN.pl?caCBBR,"40° 44' 00.00""N","123° 14' 00.00""W",1989,2021,40.733333333333334,-123.23333333333333
14,Bangor ,BGR,/cgi-bin/rawMAIN.pl?caCBGR,"39° 23' 51.00""N","121° 23' 10.00""W",1990,2021,39.3975,-121.38611111111112
15,Big Hill ,BIH,/cgi-bin/rawMAIN.pl?caCBIH,"41° 05' 51.00""N","123° 38' 09.00""W",1997,2021,41.097500000000004,-123.63583333333334
16,Blue Door           ,BLD,/cgi-bin/rawMAIN.pl?caCBLD,"41° 03' 17.00""N","120° 20' 15.00""W",1991,2021,41.05472222222222,-120.33749999999999
17,Blacks Mountain  ,BLM,/cgi-bin/rawMAIN.pl?caCBLM,"40° 43' 28.00""N","121° 10' 44.00""W",2011,2021,40.724444444444444,-121.17888888888889
18,Blue Ridge (KNF)  ,BLQ,/cgi-bin/rawMAIN.pl?caCBLQ,"41° 16' 10.00""N","123° 11' 15.00""W",2001,2021,41.269444444444446,-123.1875
19,Blue Ridge            ,BLR,/cgi-bin/rawMAIN.pl?caCBLR,"40° 53' 21.00""N","123° 08' 32.00""W",1990,2005,40.88916666666667,-123.14222222222223
20,Ben Bolt ,BLT,/cgi-bin/rawMAIN.pl?caCBLT,"38° 35' 27.00""N","120° 56' 01.00""W",1990,2021,38.590833333333336,-120.93361111111112
21,Blue Mountain Lookout  ,BML,/cgi-bin/rawMAIN.pl?caCBML,"38° 20' 33.00""N","120° 21' 53.00""W",2016,2021,38.3425,-120.36472222222221
22,Blue Mountain  ,BMO,/cgi-bin/rawMAIN.pl?caCBMO,"41° 49' 47.00""N","120° 51' 47.00""W",2011,2021,41.82972222222222,-120.86305555555555
23,Bald Mountain PAL ,BMP,/cgi-bin/rawMAIN.pl?caCBMP,"38° 08' 19.00""N","120° 05' 31.00""W",2008,2009,38.13861111111111,-120.09194444444444
24,Brush Mountain  ,BMT,/cgi-bin/rawMAIN.pl?caCBMT,"40° 54' 56.00""N","123° 40' 07.00""W",2005,2021,40.91555555555556,-123.66861111111112
25,Banner Road  ,BNR,/cgi-bin/rawMAIN.pl?caCBNR,"38° 17' 04.00""N","120° 29' 23.00""W",2014,2021,38.28444444444444,-120.48972222222223
26,Bogard R.S.        ,BOG,/cgi-bin/rawMAIN.pl?caCBOG,"40° 35' 31.00""N","121° 04' 41.00""W",1992,2021,40.591944444444444,-121.07805555555555
27,Bolam  ,BOL,/cgi-bin/rawMAIN.pl?caCBOL,"41° 32' 03.00""N","122° 12' 31.00""W",2007,2021,41.534166666666664,-122.20861111111111
28,Boonville ,BOO,/cgi-bin/rawMAIN.pl?caCBOO,"38° 59' 15.00""N","123° 20' 55.00""W",1990,2021,38.987500000000004,-123.34861111111111
29,Bridgeport 4NW  ,BR4,/cgi-bin/rawMAIN.pl?caCBR4,"38° 16' 19.00""N","119° 17' 21.00""W",2002,2021,38.27194444444444,-119.28916666666666
30,Bridgeport  ,BRD,/cgi-bin/rawMAIN.pl?caCBRD,"38° 16' 19.00""N","119° 17' 21.00""W",2002,2006,38.27194444444444,-119.28916666666666
31,Bear Flat  ,BRF,/cgi-bin/rawMAIN.pl?caCBRF,"41° 17' 42.00""N","120° 18' 48.00""W",2003,2021,41.294999999999995,-120.31333333333333
32,Baron  ,BRN,/cgi-bin/rawMAIN.pl?caCBRN,"38° 51' 15.00""N","120° 01' 27.00""W",2011,2021,38.85416666666667,-120.02416666666666
33,Brooks ,BRO,/cgi-bin/rawMAIN.pl?caCBRO,"38° 44' 18.00""N","122° 08' 41.00""W",1990,2021,38.73833333333334,-122.14472222222223
34,Bull Flat           ,BUL,/cgi-bin/rawMAIN.pl?caCBUL,"40° 28' 51.00""N","120° 06' 50.00""W",1991,2021,40.48083333333334,-120.11388888888888
35,Beaver Camp Loc      ,BVR,/cgi-bin/rawMAIN.pl?caCBVR,"38° 29' 18.00""N","120° 19' 30.00""W",1992,2021,38.48833333333334,-120.325
36,Brazie Ranch ,BZE,/cgi-bin/rawMAIN.pl?caCBZE,"41° 40' 33.00""N","122° 36' 00.00""W",1990,2021,41.67583333333333,-122.6
37,Callahan          ,CAL,/cgi-bin/rawMAIN.pl?caCCAL,"41° 18' 27.00""N","122° 47' 45.00""W",1988,2021,41.3075,-122.79583333333333
38,Canby                ,CAN,/cgi-bin/rawMAIN.pl?caCCAN,"41° 26' 43.00""N","120° 52' 11.00""W",1994,2015,41.445277777777775,-120.86972222222222
39,Cold Creek  ,CCK,/cgi-bin/rawMAIN.pl?caCCCK,"41° 46' 54.00""N","120° 19' 06.00""W",2003,2004,41.781666666666666,-120.31833333333333
40,CFA Raws  ,CFA,/cgi-bin/rawMAIN.pl?caCCFA,"38° 22' 48.00""N","120° 55' 49.00""W",2012,2021,38.38,-120.93027777777779
41,Callahan 2  ,CH2,/cgi-bin/rawMAIN.pl?caCCH2,"41° 18' 00.00""N","122° 49' 28.00""W",2003,2006,41.3,-122.82444444444444
42,Chico ,CHC,/cgi-bin/rawMAIN.pl?caCCHC,"39° 42' 43.00""N","121° 46' 44.00""W",1990,2014,39.71194444444445,-121.77888888888889
43,Chester             ,CHS,/cgi-bin/rawMAIN.pl?caCCHS,"40° 17' 23.00""N","121° 05' 07.00""W",1989,2021,40.28972222222222,-121.08527777777778
44,Cold Springs  ,CLD,/cgi-bin/rawMAIN.pl?caCCLD,"41° 46' 53.00""N","120° 19' 09.00""W",2006,2021,41.78138888888889,-120.31916666666666
45,Clover ,CLO,/cgi-bin/rawMAIN.pl?caCCLO,"39° 52' 10.00""N","120° 22' 55.00""W",1997,2001,39.86944444444445,-120.38194444444444
46,Camanche  ,CMN,/cgi-bin/rawMAIN.pl?caCCMN,"38° 13' 52.00""N","121° 00' 40.00""W",2002,2004,38.23111111111111,-121.0111111111111
47,Colby Mountain  ,CMT,/cgi-bin/rawMAIN.pl?caCCMT,"40° 08' 45.00""N","121° 31' 21.00""W",2015,2021,40.145833333333336,-121.5225
48,Cohasset ,COH,/cgi-bin/rawMAIN.pl?caCCOH,"39° 52' 18.00""N","121° 46' 08.00""W",1990,2021,39.87166666666667,-121.76888888888888
49,Collins Baldy        ,COL,/cgi-bin/rawMAIN.pl?caCCOL,"41° 46' 30.00""N","122° 57' 01.00""W",1991,2021,41.775,-122.95027777777779
50,Cooskie Mountain     ,COO,/cgi-bin/rawMAIN.pl?caCCOO,"40° 15' 25.00""N","124° 15' 58.00""W",1985,2021,40.25694444444444,-124.26611111111112
51,County Line         ,COU,/cgi-bin/rawMAIN.pl?caCCOU,"39° 01' 08.00""N","122° 24' 43.00""W",1994,2021,39.01888888888889,-122.41194444444444
52,Coyote  ,COY,/cgi-bin/rawMAIN.pl?caCCOY,"39° 59' 16.00""N","120° 28' 36.00""W",2006,2021,39.98777777777778,-120.47666666666667
53,Camp 6  ,CP6,/cgi-bin/rawMAIN.pl?caCCP6,"41° 49' 51.00""N","123° 52' 35.00""W",2003,2007,41.83083333333334,-123.87638888888888
54,Corning ,CRN,/cgi-bin/rawMAIN.pl?caCCRN,"39° 56' 20.00""N","122° 10' 11.00""W",1998,2021,39.93888888888888,-122.16972222222223
55,Carpenter Ridge  ,CRR,/cgi-bin/rawMAIN.pl?caCCRR,"40° 04' 07.00""N","121° 34' 57.00""W",2000,2021,40.06861111111112,-121.5825
56,Crazy Peak          ,CRZ,/cgi-bin/rawMAIN.pl?caCCRZ,"41° 59' 31.00""N","123° 36' 13.00""W",1985,2020,41.99194444444444,-123.6036111111111
57,Campo Seco  ,CSC,/cgi-bin/rawMAIN.pl?caCCSC,"38° 13' 25.00""N","120° 51' 59.00""W",2004,2021,38.22361111111111,-120.86638888888888
58,Cashman  ,CSH,/cgi-bin/rawMAIN.pl?caCCSH,"40° 00' 06.00""N","120° 54' 54.00""W",2001,2021,40.001666666666665,-120.915
59,Camp Six  ,CSX,/cgi-bin/rawMAIN.pl?caCCSX,"41° 49' 51.00""N","123° 52' 35.00""W",2004,2021,41.83083333333334,-123.87638888888888
60,Davis    ,DAV,/cgi-bin/rawMAIN.pl?caCDAV,"39° 56' 30.00""N","120° 33' 30.00""W",2001,2001,39.94166666666666,-120.55833333333334
61,Double Dome (Class III-9C)  ,DBD,/cgi-bin/rawMAIN.pl?caCDBD,"38° 20' 11.00""N","119° 53' 20.00""W",2009,2010,38.33638888888889,-119.8888888888889
62,Devils Garden ,DGR,/cgi-bin/rawMAIN.pl?caCDGR,"41° 31' 42.00""N","120° 40' 21.00""W",1991,2021,41.52833333333333,-120.6725
63,D L Bliss S P  ,DLB,/cgi-bin/rawMAIN.pl?caCDLB,"38° 58' 04.00""N","120° 06' 00.00""W",2006,2009,38.967777777777776,-120.1
64,Dog Valley  ,DOG,/cgi-bin/rawMAIN.pl?caCDOG,"39° 33' 43.00""N","120° 02' 52.00""W",2001,2021,39.56194444444444,-120.04777777777778
65,Dorris Ranch ,DOR,/cgi-bin/rawMAIN.pl?caCDOR,"39° 18' 13.00""N","121° 07' 02.00""W",1990,2002,39.30361111111111,-121.11722222222221
66,Doyle               ,DOY,/cgi-bin/rawMAIN.pl?caCDOY,"40° 01' 20.00""N","120° 06' 20.00""W",1987,2021,40.02222222222222,-120.10555555555555
67,Duncan   ,DUN,/cgi-bin/rawMAIN.pl?caCDUN,"39° 08' 38.00""N","120° 30' 32.00""W",2001,2021,39.14388888888889,-120.50888888888889
68,Dutch-Indy  ,DUT,/cgi-bin/rawMAIN.pl?caCDUT,"41° 38' 38.00""N","123° 26' 39.00""W",2010,2021,41.64388888888889,-123.44416666666667
69,Eagle Peak  ,EAG,/cgi-bin/rawMAIN.pl?caCEAG,"39° 55' 37.00""N","122° 38' 31.00""W",1999,2021,39.926944444444445,-122.64194444444445
70,Eel River Camp  ,EEC,/cgi-bin/rawMAIN.pl?caCEEC,"40° 08' 18.00""N","123° 49' 25.00""W",2001,2021,40.138333333333335,-123.8236111111111
71,Eel River            ,EEL,/cgi-bin/rawMAIN.pl?caCEEL,"39° 50' 00.00""N","123° 05' 00.00""W",1992,2021,39.833333333333336,-123.08333333333333
72,Mount Elizabeth ,ELI,/cgi-bin/rawMAIN.pl?caCELI,"38° 03' 47.00""N","120° 14' 49.00""W",1999,2021,38.06305555555555,-120.24694444444445
73,Esperanza ,ESP,/cgi-bin/rawMAIN.pl?caCESP,"38° 14' 34.00""N","120° 30' 54.00""W",1990,2014,38.24277777777778,-120.515
74,Foresthill  ,FOR,/cgi-bin/rawMAIN.pl?caCFOR,"39° 05' 29.00""N","120° 43' 54.00""W",2000,2021,39.09138888888889,-120.73166666666667
75,Friend Mountain  ,FRI,/cgi-bin/rawMAIN.pl?caCFRI,"40° 30' 18.00""N","123° 20' 30.00""W",1990,2021,40.505,-123.34166666666667
76,Five Cent  ,FVC,/cgi-bin/rawMAIN.pl?caCFVC,"40° 45' 04.00""N","122° 55' 04.00""W",2004,2021,40.75111111111111,-122.91777777777779
77,Gasquet 2  ,GA2,/cgi-bin/rawMAIN.pl?caCGA2,"41° 26' 17.00""N","123° 56' 43.00""W",2014,2021,41.43805555555555,-123.94527777777778
78,Gasquet  ,GAS,/cgi-bin/rawMAIN.pl?caCGAS,"41° 50' 45.00""N","123° 58' 45.00""W",1993,2015,41.84583333333334,-123.97916666666667
79,Grasshopper ,GHP,/cgi-bin/rawMAIN.pl?caCGHP,"40° 46' 54.00""N","120° 47' 04.00""W",1990,2021,40.781666666666666,-120.78444444444445
80,Gordon  ,GOR,/cgi-bin/rawMAIN.pl?caCGOR,"40° 45' 22.00""N","120° 53' 32.00""W",2002,2021,40.75611111111111,-120.89222222222223
81,Grey Butte (Portable)  ,GRB,/cgi-bin/rawMAIN.pl?caCGRB,"41° 20' 42.00""N","122° 11' 42.00""W",1999,2003,41.345,-122.19500000000001
82,Grizzly Flat  ,GZF,/cgi-bin/rawMAIN.pl?caCGZF,"38° 37' 11.00""N","120° 33' 41.00""W",2003,2010,38.61972222222222,-120.56138888888889
83,Hawkeye ,HAW,/cgi-bin/rawMAIN.pl?caCHAW,"38° 46' 54.00""N","122° 55' 01.00""W",1993,2021,38.781666666666666,-122.91694444444445
84,Hayfork             ,HAY,/cgi-bin/rawMAIN.pl?caCHAY,"40° 33' 00.00""N","123° 09' 54.00""W",1997,2021,40.55,-123.165
85,Humbolt Bay  ,HBB,/cgi-bin/rawMAIN.pl?caCHBB,"40° 46' 01.00""N","124° 13' 10.00""W",2007,2014,40.76694444444444,-124.21944444444445
86,Humbug Summit  ,HBG,/cgi-bin/rawMAIN.pl?caCHBG,"40° 06' 31.00""N","121° 22' 60.00""W",2012,2021,40.10861111111111,-121.38333333333333
87,Hidden Valley  ,HDV,/cgi-bin/rawMAIN.pl?caCHDV,"40° 26' 31.00""N","120° 37' 37.00""W",2011,2021,40.44194444444444,-120.62694444444443
88,Hell Hole         ,HEL,/cgi-bin/rawMAIN.pl?caCHEL,"39° 04' 18.00""N","120° 25' 18.00""W",1989,2021,39.07166666666667,-120.42166666666667
89,High Glade Lookout ,HGL,/cgi-bin/rawMAIN.pl?caCHGL,"39° 12' 30.00""N","122° 48' 30.00""W",1997,2021,39.208333333333336,-122.80833333333334
90,Hopland  ,HLD,/cgi-bin/rawMAIN.pl?caCHLD,"39° 01' 51.00""N","123° 04' 50.00""W",2001,2021,39.030833333333334,-123.08055555555555
91,Horse Lake         ,HOL,/cgi-bin/rawMAIN.pl?caCHOL,"40° 37' 24.00""N","120° 28' 40.00""W",1991,2021,40.623333333333335,-120.47777777777777
92,Homewood  ,HOM,/cgi-bin/rawMAIN.pl?caCHOM,"39° 05' 01.00""N","120° 10' 16.00""W",2010,2021,39.08361111111111,-120.17111111111112
93,Hoopa   ,HOO,/cgi-bin/rawMAIN.pl?caCHOO,"41° 02' 52.00""N","123° 40' 17.00""W",1997,2021,41.047777777777775,-123.6713888888889
94,Indian Well  ,IND,/cgi-bin/rawMAIN.pl?caCIND,"41° 42' 42.00""N","121° 30' 23.00""W",1997,2021,41.711666666666666,-121.50638888888889
95,Jarbo Gap  ,JAR,/cgi-bin/rawMAIN.pl?caCJAR,"39° 44' 09.00""N","121° 29' 20.00""W",2003,2021,39.73583333333333,-121.4888888888889
96,Jordan Creek        ,JOR,/cgi-bin/rawMAIN.pl?caCJOR,"39° 47' 00.00""N","121° 22' 00.00""W",1995,2002,39.78333333333333,-121.36666666666666
97,Juanita Lake         ,JUA,/cgi-bin/rawMAIN.pl?caCJUA,"41° 47' 10.00""N","122° 00' 20.00""W",1988,2021,41.78611111111111,-122.00555555555556
98,Juniper Creek      ,JUN,/cgi-bin/rawMAIN.pl?caCJUN,"41° 19' 56.00""N","120° 28' 21.00""W",1988,2021,41.33222222222223,-120.4725
99,Klamath Basin NWR  ,KLB,/cgi-bin/rawMAIN.pl?caCKLB,"41° 56' 38.00""N","121° 33' 53.00""W",2006,2008,41.943888888888885,-121.56472222222222
100,Kneeland     ,KNE,/cgi-bin/rawMAIN.pl?caCKNE,"40° 43' 12.00""N","123° 55' 37.00""W",2004,2021,40.72,-123.92694444444444
101,Knoxville Creek     ,KNO,/cgi-bin/rawMAIN.pl?caCKNO,"38° 51' 43.00""N","122° 25' 02.00""W",1985,2021,38.86194444444445,-122.41722222222222
102,Konocti ,KON,/cgi-bin/rawMAIN.pl?caCKON,"38° 54' 43.00""N","122° 42' 23.00""W",1995,2021,38.911944444444444,-122.7063888888889
103,Sugarloaf (ENF)  ,KYB,/cgi-bin/rawMAIN.pl?caCKYB,"38° 47' 02.00""N","120° 18' 39.00""W",2004,2021,38.78388888888889,-120.31083333333333
104,Lassen Lodge ,LAS,/cgi-bin/rawMAIN.pl?caCLAS,"40° 20' 39.00""N","121° 42' 49.00""W",1990,2021,40.344166666666666,-121.71361111111112
105,Laufman ,LAU,/cgi-bin/rawMAIN.pl?caCLAU,"40° 08' 30.00""N","120° 21' 12.00""W",1998,2021,40.141666666666666,-120.35333333333332
106,Laytonville  ,LAY,/cgi-bin/rawMAIN.pl?caCLAY,"39° 42' 08.00""N","123° 29' 06.00""W",2001,2021,39.702222222222225,-123.485
107,Ladder Butte       ,LDR,/cgi-bin/rawMAIN.pl?caCLDR,"40° 48' 26.00""N","121° 17' 48.00""W",1988,2021,40.80722222222222,-121.29666666666667
108,Lincoln ,LIN,/cgi-bin/rawMAIN.pl?caCLIN,"38° 52' 57.00""N","121° 16' 06.00""W",1991,2021,38.8825,-121.26833333333333
109,Lower Klamath  ,LKL,/cgi-bin/rawMAIN.pl?caCLKL,"41° 59' 57.00""N","121° 42' 01.00""W",2002,2021,41.99916666666667,-121.70027777777779
110,LNF6 - Portable  ,LN6,/cgi-bin/rawMAIN.pl?caCLN6,"40° 56' 11.00""N","121° 35' 05.00""W",2010,2010,40.936388888888885,-121.58472222222221
111,Lowden  ,LOW,/cgi-bin/rawMAIN.pl?caCLOW,"40° 41' 22.00""N","122° 49' 53.00""W",1999,2004,40.68944444444444,-122.83138888888888
112,Lyons Valley       ,LYO,/cgi-bin/rawMAIN.pl?caCLYO,"39° 07' 33.00""N","123° 04' 25.00""W",1988,2021,39.12583333333333,-123.0736111111111
113,Mad River  ,MAD,/cgi-bin/rawMAIN.pl?caCMAD,"40° 27' 48.00""N","123° 31' 26.00""W",1999,2021,40.46333333333334,-123.52388888888889
114,Manzanita Lake       ,MAN,/cgi-bin/rawMAIN.pl?caCMAN,"40° 32' 24.00""N","121° 34' 49.00""W",1990,2021,40.54,-121.58027777777778
115,Maple Creek ,MAP,/cgi-bin/rawMAIN.pl?caCMAP,"40° 47' 47.00""N","123° 56' 12.00""W",1995,2006,40.796388888888885,-123.93666666666667
116,McGuires ,MCG,/cgi-bin/rawMAIN.pl?caCMCG,"39° 21' 10.00""N","123° 36' 04.00""W",1990,2021,39.35277777777778,-123.60111111111111
117,Mendocino Pass  ,MEN,/cgi-bin/rawMAIN.pl?caCMEN,"39° 48' 27.00""N","122° 56' 42.00""W",2000,2021,39.8075,-122.94500000000001
118,Meyers ,MEY,/cgi-bin/rawMAIN.pl?caCMEY,"38° 50' 56.00""N","120° 01' 05.00""W",1998,2013,38.848888888888894,-120.01805555555555
119,Mule Mountain  ,MLM,/cgi-bin/rawMAIN.pl?caCMLM,"40° 34' 09.00""N","122° 30' 11.00""W",2007,2021,40.56916666666667,-122.50305555555556
120,Modoc NWR  ,MOD,/cgi-bin/rawMAIN.pl?caCMOD,"41° 27' 32.00""N","120° 31' 08.00""W",2002,2015,41.45888888888889,-120.51888888888888
121,Mohawk  ,MOH,/cgi-bin/rawMAIN.pl?caCMOH,"39° 46' 46.00""N","120° 35' 41.00""W",2013,2021,39.779444444444444,-120.59472222222222
122,Markleeville ,MRK,/cgi-bin/rawMAIN.pl?caCMRK,"38° 41' 26.00""N","119° 46' 30.00""W",1998,2021,38.690555555555555,-119.775
123,Mt. Shasta  ,MS2,/cgi-bin/rawMAIN.pl?caCMS2,"41° 18' 56.00""N","122° 18' 56.00""W",1999,2021,41.315555555555555,-122.31555555555555
124,Mount Zion ,MTZ,/cgi-bin/rawMAIN.pl?caCMTZ,"38° 23' 22.00""N","120° 39' 04.00""W",1990,2021,38.38944444444444,-120.65111111111112
125,Novato Fire - Robinhood  ,NVF,/cgi-bin/rawMAIN.pl?caCNVF,"38° 06' 45.00""N","122° 32' 59.00""W",2016,2021,38.112500000000004,-122.54972222222221
126,Oak Bottom  ,OAB,/cgi-bin/rawMAIN.pl?caCOAB,"40° 39' 02.00""N","122° 36' 20.00""W",2001,2010,40.650555555555556,-122.60555555555555
127,Oak Knoll           ,OAK,/cgi-bin/rawMAIN.pl?caCOAK,"41° 50' 19.00""N","122° 51' 00.00""W",1988,2021,41.83861111111111,-122.85
128,Oak Mountain  ,OAM,/cgi-bin/rawMAIN.pl?caCOAM,"41° 00' 23.00""N","121° 59' 00.00""W",1991,2021,41.006388888888885,-121.98333333333333
129,Oak Ridge  ,OAR,/cgi-bin/rawMAIN.pl?caCOAR,"38° 44' 17.00""N","123° 18' 30.00""W",2016,2021,38.738055555555555,-123.30833333333334
130,Openshaw  ,OPS,/cgi-bin/rawMAIN.pl?caCOPS,"39° 35' 23.00""N","121° 38' 07.00""W",2014,2021,39.58972222222222,-121.63527777777779
131,Owens Camp Loc       ,OWE,/cgi-bin/rawMAIN.pl?caCOWE,"38° 44' 00.00""N","120° 14' 42.00""W",1989,2021,38.733333333333334,-120.245
132,Patty Mocus           ,PAT,/cgi-bin/rawMAIN.pl?caCPAT,"40° 17' 10.00""N","122° 52' 29.00""W",1990,2021,40.28611111111111,-122.87472222222222
133,Pierce              ,PIE,/cgi-bin/rawMAIN.pl?caCPIE,"40° 14' 46.00""N","120° 38' 32.00""W",1986,2021,40.24611111111111,-120.64222222222223
134,Pike County Lookout   ,PIK,/cgi-bin/rawMAIN.pl?caCPIK,"39° 28' 30.00""N","121° 12' 09.00""W",1985,2021,39.475,-121.2025
135,Pilot Hill ,PIL,/cgi-bin/rawMAIN.pl?caCPIL,"38° 49' 57.00""N","121° 00' 31.00""W",1993,2021,38.8325,-121.00861111111111
136,Pinecrest 2  ,PNC,/cgi-bin/rawMAIN.pl?caCPNC,"38° 11' 10.00""N","120° 00' 38.00""W",2011,2021,38.18611111111111,-120.01055555555556
137,Panther Springs  ,PNT,/cgi-bin/rawMAIN.pl?caCPNT,"40° 14' 31.00""N","121° 46' 33.00""W",2012,2021,40.24194444444444,-121.77583333333334
138,Quartz Hill           ,QUA,/cgi-bin/rawMAIN.pl?caCQUA,"41° 35' 57.00""N","122° 56' 01.00""W",1990,2021,41.59916666666667,-122.93361111111112
139,Quincy Rd          ,QUI,/cgi-bin/rawMAIN.pl?caCQUI,"39° 58' 24.00""N","120° 56' 31.00""W",1988,2021,39.973333333333336,-120.94194444444445
140,Ravendale        ,RAV,/cgi-bin/rawMAIN.pl?caCRAV,"40° 43' 51.00""N","120° 18' 59.00""W",1999,2021,40.73083333333334,-120.31638888888888
141,Reader Ranch  ,RDR,/cgi-bin/rawMAIN.pl?caCRDR,"39° 18' 13.00""N","121° 07' 02.00""W",2002,2021,39.30361111111111,-121.11722222222221
142,Redding Airport  ,REA,/cgi-bin/rawMAIN.pl?caCREA,"40° 30' 57.00""N","122° 17' 26.00""W",2001,2021,40.51583333333333,-122.29055555555556
143,Rice Canyon  ,RIA,/cgi-bin/rawMAIN.pl?caCRIA,"39° 31' 30.00""N","120° 19' 43.00""W",2012,2021,39.525,-120.3286111111111
144,Redding Airport Prtble ,RPT,/cgi-bin/rawMAIN.pl?caCRPT,"40° 51' 00.00""N","122° 30' 00.00""W",2000,2001,40.85,-122.5
145,Rush Creek ,RUS,/cgi-bin/rawMAIN.pl?caCRUS,"41° 17' 17.00""N","120° 52' 11.00""W",1997,2021,41.28805555555555,-120.86972222222222
146,Ruth  ,RUT,/cgi-bin/rawMAIN.pl?caCRUT,"40° 15' 02.00""N","123° 18' 57.00""W",2003,2021,40.25055555555556,-123.31583333333333
147,Sacramento NWR  ,SAC,/cgi-bin/rawMAIN.pl?caCSAC,"39° 25' 02.00""N","122° 10' 57.00""W",2001,2021,39.41722222222222,-122.1825
148,Sawyers Bar          ,SAW,/cgi-bin/rawMAIN.pl?caCSAW,"41° 18' 01.00""N","123° 07' 56.00""W",1988,2021,41.30027777777777,-123.13222222222221
149,Scorpion  ,SCN,/cgi-bin/rawMAIN.pl?caCSCN,"41° 06' 42.00""N","122° 41' 48.00""W",1990,2021,41.111666666666665,-122.69666666666667
150,Soda Creek        ,SDC,/cgi-bin/rawMAIN.pl?caCSDC,"39° 25' 30.00""N","122° 58' 38.00""W",1992,2021,39.425,-122.97722222222222
151,Saddleback  ,SDD,/cgi-bin/rawMAIN.pl?caCSDD,"39° 38' 15.00""N","120° 51' 55.00""W",2001,2021,39.6375,-120.86527777777778
152,Secret Town ,SEC,/cgi-bin/rawMAIN.pl?caCSEC,"39° 11' 01.00""N","120° 53' 05.00""W",1992,2021,39.183611111111105,-120.88472222222222
153,Sugarloaf (5-C)  ,SG5,/cgi-bin/rawMAIN.pl?caCSG5,"38° 47' 02.00""N","120° 18' 36.00""W",2004,2004,38.78388888888889,-120.31
154,School House  ,SHH,/cgi-bin/rawMAIN.pl?caCSHH,"41° 08' 18.00""N","123° 54' 20.00""W",2001,2021,41.138333333333335,-123.90555555555557
155,Ship Mtn.   ,SHI,/cgi-bin/rawMAIN.pl?caCSHI,"41° 44' 09.00""N","123° 47' 30.00""W",2001,2021,41.73583333333333,-123.79166666666667
156,Sims                 ,SIM,/cgi-bin/rawMAIN.pl?caCSIM,"41° 04' 30.00""N","122° 22' 24.00""W",1989,2021,41.075,-122.37333333333332
157,Slater Butte       ,SLA,/cgi-bin/rawMAIN.pl?caCSLA,"41° 51' 31.00""N","123° 21' 09.00""W",1988,2021,41.85861111111111,-123.35249999999999
158,Slate Creek  ,SLC,/cgi-bin/rawMAIN.pl?caCSLC,"41° 20' 28.00""N","123° 39' 32.00""W",2012,2021,41.34111111111111,-123.6588888888889
159,Canon BAER (Shingle)  ,SMF,/cgi-bin/rawMAIN.pl?caCSMF,"38° 26' 42.00""N","119° 28' 13.00""W",2002,2005,38.44499999999999,-119.47027777777778
160,Soldier Mountain ,SOL,/cgi-bin/rawMAIN.pl?caCSOL,"40° 55' 33.00""N","121° 35' 08.00""W",1990,2021,40.92583333333333,-121.58555555555554
161,Somes Bar              ,SOM,/cgi-bin/rawMAIN.pl?caCSOM,"41° 23' 24.00""N","123° 29' 45.00""W",1988,2021,41.39,-123.49583333333334
162,Surprise Portable  ,SP1,/cgi-bin/rawMAIN.pl?caCSP1,"41° 10' 15.00""N","120° 03' 30.00""W",2001,2006,41.170833333333334,-120.05833333333334
163,Surprise Portable (2)  ,SP2,/cgi-bin/rawMAIN.pl?caCSP2,"41° 11' 20.00""N","120° 02' 19.00""W",2003,2005,41.18888888888888,-120.03861111111111
164,Surprise Valley  ,SP3,/cgi-bin/rawMAIN.pl?caCSP3,"41° 37' 13.00""N","120° 09' 24.00""W",2006,2021,41.62027777777778,-120.15666666666667
165,Sacramento NWR QD  ,SQD,/cgi-bin/rawMAIN.pl?caCSQD,"39° 26' 46.00""N","122° 11' 02.00""W",2004,2019,39.44611111111111,-122.18388888888889
166,Santa Rosa ,SRS,/cgi-bin/rawMAIN.pl?caCSRS,"38° 28' 43.00""N","122° 42' 43.00""W",1991,2021,38.478611111111114,-122.71194444444444
167,Stampede            ,STA,/cgi-bin/rawMAIN.pl?caCSTA,"39° 28' 16.00""N","120° 05' 13.00""W",1991,2021,39.471111111111114,-120.08694444444444
168,Steely Fork  ,STF,/cgi-bin/rawMAIN.pl?caCSTF,"38° 37' 34.00""N","120° 31' 40.00""W",2010,2021,38.626111111111115,-120.52777777777777
169,Stonyford    ,STO,/cgi-bin/rawMAIN.pl?caCSTO,"39° 22' 01.00""N","122° 34' 30.00""W",1994,2021,39.36694444444444,-122.575
170,Cottage  ,STS,/cgi-bin/rawMAIN.pl?caCSTS,"38° 20' 46.00""N","120° 13' 45.00""W",2007,2021,38.346111111111114,-120.22916666666667
171,Sugarloaf (SHF)   ,SUF,/cgi-bin/rawMAIN.pl?caCSUF,"40° 55' 00.00""N","122° 26' 18.00""W",1999,2021,40.916666666666664,-122.43833333333333
172,Swain Mountain  ,SWA,/cgi-bin/rawMAIN.pl?caCSWA,"40° 26' 43.00""N","121° 06' 15.00""W",2013,2021,40.445277777777775,-121.10416666666666
173,Tahoe Donner  ,TDN,/cgi-bin/rawMAIN.pl?caCTDN,"39° 20' 18.00""N","120° 16' 24.00""W",2016,2021,39.33833333333334,-120.27333333333333
174,Thomes Creek ,THO,/cgi-bin/rawMAIN.pl?caCTHO,"39° 51' 52.00""N","122° 36' 35.00""W",1990,2021,39.864444444444445,-122.60972222222222
175,Timber Mountain  ,TIM,/cgi-bin/rawMAIN.pl?caCTIM,"41° 37' 46.00""N","121° 17' 53.00""W",2002,2021,41.629444444444445,-121.29805555555555
176,Trench 1  ,TRE,/cgi-bin/rawMAIN.pl?caCTRE,"38° 09' 41.00""N","118° 54' 40.00""W",1998,2002,38.16138888888889,-118.91111111111111
177,Trinity Camp ,TRI,/cgi-bin/rawMAIN.pl?caCTRI,"40° 47' 11.00""N","122° 48' 16.00""W",1996,2021,40.78638888888889,-122.80444444444444
178,Underwood  ,UND,/cgi-bin/rawMAIN.pl?caCUND,"40° 43' 19.00""N","123° 29' 43.00""W",2002,2021,40.721944444444446,-123.49527777777777
179,Van Bremmer          ,VAN,/cgi-bin/rawMAIN.pl?caCVAN,"41° 38' 35.00""N","121° 47' 38.00""W",1993,2021,41.643055555555556,-121.79388888888889
180,Walker  ,WAK,/cgi-bin/rawMAIN.pl?caCWAK,"38° 33' 55.00""N","119° 27' 33.00""W",2001,2021,38.56527777777777,-119.45916666666668
181,Weaverville  ,WEA,/cgi-bin/rawMAIN.pl?caCWEA,"40° 44' 06.00""N","122° 56' 36.00""W",1998,2005,40.735,-122.94333333333334
182,Weed Airport ,WEE,/cgi-bin/rawMAIN.pl?caCWEE,"41° 28' 44.00""N","122° 27' 14.00""W",1990,2021,41.47888888888889,-122.4538888888889
183,Westwood ,WES,/cgi-bin/rawMAIN.pl?caCWES,"40° 18' 24.00""N","120° 54' 00.00""W",1990,2021,40.306666666666665,-120.9
184,White Cloud          ,WHC,/cgi-bin/rawMAIN.pl?caCWHC,"39° 19' 00.00""N","120° 50' 15.00""W",1993,2021,39.31666666666667,-120.83749999999999
185,Whiskeytown HQ#2  ,WHS,/cgi-bin/rawMAIN.pl?caCWHS,"40° 36' 38.00""N","122° 31' 38.00""W",2010,2021,40.61055555555556,-122.52722222222222
186,Whitmore  ,WHT,/cgi-bin/rawMAIN.pl?caCWHT,"40° 37' 10.00""N","121° 53' 58.00""W",1990,2021,40.61944444444445,-121.89944444444446
187,Westside  ,WSS,/cgi-bin/rawMAIN.pl?caCWSS,"41° 13' 24.00""N","124° 03' 09.00""W",2004,2021,41.223333333333336,-124.0525
188,Yolla Bolla         ,YOL,/cgi-bin/rawMAIN.pl?caCYOL,"40° 20' 18.00""N","123° 03' 54.00""W",1990,2021,40.33833333333334,-123.065
189,Yurok  ,YUR,/cgi-bin/rawMAIN.pl?caCYUR,"41° 17' 23.00""N","123° 51' 27.00""W",2002,2021,41.28972222222222,-123.85749999999999
190,Lake County  ,LCR,/cgi-bin/rawMAIN.pl?caCLCR,"39° 01' 56.00""N","122° 55' 20.00""W",2013,2021,39.032222222222224,-122.92222222222223
191,Alder Springs       ,ALD,/cgi-bin/rawMAIN.pl?caCALD,"39° 39' 05.00""N","122° 43' 25.00""W",1994,2021,39.65138888888889,-122.72361111111111
192,Los Altos ,ALT,/cgi-bin/rawMAIN.pl?caCALT,"37° 21' 29.00""N","122° 08' 50.00""W",1998,2021,37.35805555555556,-122.14722222222223
193,Atlas Peak  ,ATL,/cgi-bin/rawMAIN.pl?caCATL,"38° 28' 29.00""N","122° 15' 53.00""W",2005,2021,38.474722222222226,-122.26472222222222
194,Bald Mtn Loc       ,BAL,/cgi-bin/rawMAIN.pl?caCBAL,"38° 54' 20.00""N","120° 41' 50.00""W",1989,2021,38.90555555555555,-120.69722222222222
195,Barnaby ,BAR,/cgi-bin/rawMAIN.pl?caCBAR,"38° 01' 41.00""N","122° 42' 08.00""W",1997,2021,38.028055555555554,-122.70222222222222
196,Batterson  ,BAT,/cgi-bin/rawMAIN.pl?caCBAT,"37° 13' 55.00""N","119° 30' 30.00""W",1999,2021,37.231944444444444,-119.50833333333334
197,Benton             ,BEN,/cgi-bin/rawMAIN.pl?caCBEN,"37° 50' 35.00""N","118° 28' 40.00""W",1994,2021,37.84305555555556,-118.47777777777777
198,Bangor ,BGR,/cgi-bin/rawMAIN.pl?caCBGR,"39° 23' 51.00""N","121° 23' 10.00""W",1990,2021,39.3975,-121.38611111111112
199,Big Rock  ,BIR,/cgi-bin/rawMAIN.pl?caCBIR,"38° 02' 22.00""N","122° 34' 12.00""W",2003,2021,38.03944444444444,-122.57
200,Black Diamond ,BKD,/cgi-bin/rawMAIN.pl?caCBKD,"37° 57' 00.00""N","121° 53' 04.00""W",1994,2021,37.95,-121.88444444444445
201,Ben Bolt ,BLT,/cgi-bin/rawMAIN.pl?caCBLT,"38° 35' 27.00""N","120° 56' 01.00""W",1990,2021,38.590833333333336,-120.93361111111112
202,Blue Mountain Lookout  ,BML,/cgi-bin/rawMAIN.pl?caCBML,"38° 20' 33.00""N","120° 21' 53.00""W",2016,2021,38.3425,-120.36472222222221
203,Bald Mountain PAL ,BMP,/cgi-bin/rawMAIN.pl?caCBMP,"38° 08' 19.00""N","120° 05' 31.00""W",2008,2009,38.13861111111111,-120.09194444444444
204,Ben Lomond ,BNL,/cgi-bin/rawMAIN.pl?caCBNL,"37° 07' 54.00""N","122° 10' 12.00""W",1998,2021,37.13166666666667,-122.17
205,Banner Road  ,BNR,/cgi-bin/rawMAIN.pl?caCBNR,"38° 17' 04.00""N","120° 29' 23.00""W",2014,2021,38.28444444444444,-120.48972222222223
206,Boonville ,BOO,/cgi-bin/rawMAIN.pl?caCBOO,"38° 59' 15.00""N","123° 20' 55.00""W",1990,2021,38.987500000000004,-123.34861111111111
207,Bridgeport 4NW  ,BR4,/cgi-bin/rawMAIN.pl?caCBR4,"38° 16' 19.00""N","119° 17' 21.00""W",2002,2021,38.27194444444444,-119.28916666666666
208,Bridgeport  ,BRD,/cgi-bin/rawMAIN.pl?caCBRD,"38° 16' 19.00""N","119° 17' 21.00""W",2002,2006,38.27194444444444,-119.28916666666666
209,Briones ,BRI,/cgi-bin/rawMAIN.pl?caCBRI,"37° 56' 39.00""N","122° 07' 04.00""W",1994,2021,37.94416666666666,-122.11777777777777
210,Baron  ,BRN,/cgi-bin/rawMAIN.pl?caCBRN,"38° 51' 15.00""N","120° 01' 27.00""W",2011,2021,38.85416666666667,-120.02416666666666
211,Brooks ,BRO,/cgi-bin/rawMAIN.pl?caCBRO,"38° 44' 18.00""N","122° 08' 41.00""W",1990,2021,38.73833333333334,-122.14472222222223
212,Buck Meadows ,BUC,/cgi-bin/rawMAIN.pl?caCBUC,"37° 49' 24.00""N","120° 05' 51.00""W",1999,2012,37.82333333333334,-120.0975
213,Beaver Camp Loc      ,BVR,/cgi-bin/rawMAIN.pl?caCBVR,"38° 29' 18.00""N","120° 19' 30.00""W",1992,2021,38.48833333333334,-120.325
214,Catheys Valley ,CAT,/cgi-bin/rawMAIN.pl?caCCAT,"37° 28' 05.00""N","120° 06' 38.00""W",1999,2021,37.46805555555556,-120.11055555555555
215,Cordoza Ridge  ,CDZ,/cgi-bin/rawMAIN.pl?caCCDZ,"37° 10' 06.00""N","121° 31' 42.00""W",2011,2021,37.16833333333333,-121.52833333333334
216,CFA Raws  ,CFA,/cgi-bin/rawMAIN.pl?caCCFA,"38° 22' 48.00""N","120° 55' 49.00""W",2012,2021,38.38,-120.93027777777779
217,Chico ,CHC,/cgi-bin/rawMAIN.pl?caCCHC,"39° 42' 43.00""N","121° 46' 44.00""W",1990,2014,39.71194444444445,-121.77888888888889
218,Clover ,CLO,/cgi-bin/rawMAIN.pl?caCCLO,"39° 52' 10.00""N","120° 22' 55.00""W",1997,2001,39.86944444444445,-120.38194444444444
219,Calaveras Road ,CLV,/cgi-bin/rawMAIN.pl?caCCLV,"37° 33' 11.00""N","121° 50' 38.00""W",1997,2021,37.55305555555555,-121.84388888888888
220,Camanche  ,CMN,/cgi-bin/rawMAIN.pl?caCCMN,"38° 13' 52.00""N","121° 00' 40.00""W",2002,2004,38.23111111111111,-121.0111111111111
221,County Line         ,COU,/cgi-bin/rawMAIN.pl?caCCOU,"39° 01' 08.00""N","122° 24' 43.00""W",1994,2021,39.01888888888889,-122.41194444444444
222,Crane Flat Lookout   ,CRA,/cgi-bin/rawMAIN.pl?caCCRA,"37° 45' 42.00""N","119° 49' 29.00""W",1991,2021,37.76166666666666,-119.82472222222222
223,Crestview         ,CRE,/cgi-bin/rawMAIN.pl?caCCRE,"37° 44' 42.00""N","118° 59' 00.00""W",1993,2021,37.745,-118.98333333333333
224,Campo Seco  ,CSC,/cgi-bin/rawMAIN.pl?caCCSC,"38° 13' 25.00""N","120° 51' 59.00""W",2004,2021,38.22361111111111,-120.86638888888888
225,Double Dome (Class III-9C)  ,DBD,/cgi-bin/rawMAIN.pl?caCDBD,"38° 20' 11.00""N","119° 53' 20.00""W",2009,2010,38.33638888888889,-119.8888888888889
226,Dexter  ,DEX,/cgi-bin/rawMAIN.pl?caCDEX,"37° 50' 20.00""N","118° 46' 18.00""W",2009,2021,37.83888888888889,-118.77166666666666
227,Diablo Grande ,DIA,/cgi-bin/rawMAIN.pl?caCDIA,"37° 19' 45.00""N","121° 17' 38.00""W",1998,2021,37.32916666666667,-121.29388888888889
228,D L Bliss S P  ,DLB,/cgi-bin/rawMAIN.pl?caCDLB,"38° 58' 04.00""N","120° 06' 00.00""W",2006,2009,38.967777777777776,-120.1
229,Dinkey  ,DNK,/cgi-bin/rawMAIN.pl?caCDNK,"37° 03' 59.00""N","119° 02' 22.00""W",2000,2021,37.06638888888889,-119.03944444444444
230,Dog Valley  ,DOG,/cgi-bin/rawMAIN.pl?caCDOG,"39° 33' 43.00""N","120° 02' 52.00""W",2001,2021,39.56194444444444,-120.04777777777778
231,Dorris Ranch ,DOR,/cgi-bin/rawMAIN.pl?caCDOR,"39° 18' 13.00""N","121° 07' 02.00""W",1990,2002,39.30361111111111,-121.11722222222221
232,Devils Post Pile     ,DPP,/cgi-bin/rawMAIN.pl?caCDPP,"37° 37' 48.00""N","119° 05' 36.00""W",1993,2004,37.63,-119.09333333333333
233,Duncan   ,DUN,/cgi-bin/rawMAIN.pl?caCDUN,"39° 08' 38.00""N","120° 30' 32.00""W",2001,2021,39.14388888888889,-120.50888888888889
234,Eel River            ,EEL,/cgi-bin/rawMAIN.pl?caCEEL,"39° 50' 00.00""N","123° 05' 00.00""W",1992,2021,39.833333333333336,-123.08333333333333
235,Mount Elizabeth ,ELI,/cgi-bin/rawMAIN.pl?caCELI,"38° 03' 47.00""N","120° 14' 49.00""W",1999,2021,38.06305555555555,-120.24694444444445
236,El Portal  ,ELP,/cgi-bin/rawMAIN.pl?caCELP,"37° 40' 32.00""N","119° 47' 10.00""W",2004,2021,37.675555555555555,-119.78611111111111
237,Esperanza ,ESP,/cgi-bin/rawMAIN.pl?caCESP,"38° 14' 34.00""N","120° 30' 54.00""W",1990,2014,38.24277777777778,-120.515
238,Foresthill  ,FOR,/cgi-bin/rawMAIN.pl?caCFOR,"39° 05' 29.00""N","120° 43' 54.00""W",2000,2021,39.09138888888889,-120.73166666666667
239,Fish Slough  ,FSL,/cgi-bin/rawMAIN.pl?caCFSL,"37° 28' 42.00""N","118° 24' 28.00""W",1999,2005,37.47833333333333,-118.40777777777778
240,Green Spring ,GSP,/cgi-bin/rawMAIN.pl?caCGSP,"37° 49' 59.00""N","120° 30' 00.00""W",1990,2021,37.83305555555556,-120.5
241,Grizzly Flat  ,GZF,/cgi-bin/rawMAIN.pl?caCGZF,"38° 37' 11.00""N","120° 33' 41.00""W",2003,2010,38.61972222222222,-120.56138888888889
242,Hawkeye ,HAW,/cgi-bin/rawMAIN.pl?caCHAW,"38° 46' 54.00""N","122° 55' 01.00""W",1993,2021,38.781666666666666,-122.91694444444445
243,Hell Hole         ,HEL,/cgi-bin/rawMAIN.pl?caCHEL,"39° 04' 18.00""N","120° 25' 18.00""W",1989,2021,39.07166666666667,-120.42166666666667
244,High Glade Lookout ,HGL,/cgi-bin/rawMAIN.pl?caCHGL,"39° 12' 30.00""N","122° 48' 30.00""W",1997,2021,39.208333333333336,-122.80833333333334
245,High Sierra  ,HIG,/cgi-bin/rawMAIN.pl?caCHIG,"37° 18' 53.00""N","119° 02' 18.00""W",2001,2021,37.31472222222222,-119.03833333333333
246,Hopland  ,HLD,/cgi-bin/rawMAIN.pl?caCHLD,"39° 01' 51.00""N","123° 04' 50.00""W",2001,2021,39.030833333333334,-123.08055555555555
247,Homewood  ,HOM,/cgi-bin/rawMAIN.pl?caCHOM,"39° 05' 01.00""N","120° 10' 16.00""W",2010,2021,39.08361111111111,-120.17111111111112
248,Hurley ,HUR,/cgi-bin/rawMAIN.pl?caCHUR,"37° 00' 55.00""N","119° 34' 04.00""W",1995,2021,37.015277777777776,-119.56777777777778
249,Jarbo Gap  ,JAR,/cgi-bin/rawMAIN.pl?caCJAR,"39° 44' 09.00""N","121° 29' 20.00""W",2003,2021,39.73583333333333,-121.4888888888889
250,Jerseydale  ,JER,/cgi-bin/rawMAIN.pl?caCJER,"37° 32' 37.00""N","119° 50' 19.00""W",2002,2021,37.54361111111111,-119.8386111111111
251,Jordan Creek        ,JOR,/cgi-bin/rawMAIN.pl?caCJOR,"39° 47' 00.00""N","121° 22' 00.00""W",1995,2002,39.78333333333333,-121.36666666666666
252,Knoxville Creek     ,KNO,/cgi-bin/rawMAIN.pl?caCKNO,"38° 51' 43.00""N","122° 25' 02.00""W",1985,2021,38.86194444444445,-122.41722222222222
253,Konocti ,KON,/cgi-bin/rawMAIN.pl?caCKON,"38° 54' 43.00""N","122° 42' 23.00""W",1995,2021,38.911944444444444,-122.7063888888889
254,Sugarloaf (ENF)  ,KYB,/cgi-bin/rawMAIN.pl?caCKYB,"38° 47' 02.00""N","120° 18' 39.00""W",2004,2021,38.78388888888889,-120.31083333333333
255,Los Banos ,LAB,/cgi-bin/rawMAIN.pl?caCLAB,"37° 03' 17.00""N","121° 03' 11.00""W",1990,2021,37.05472222222222,-121.05305555555556
256,La Honda ,LAH,/cgi-bin/rawMAIN.pl?caCLAH,"37° 18' 19.00""N","122° 15' 18.00""W",1990,2021,37.305277777777775,-122.255
257,Laytonville  ,LAY,/cgi-bin/rawMAIN.pl?caCLAY,"39° 42' 08.00""N","123° 29' 06.00""W",2001,2021,39.702222222222225,-123.485
258,Lundylk  ,LDK,/cgi-bin/rawMAIN.pl?caCLDK,"38° 02' 17.00""N","119° 10' 12.00""W",2007,2021,38.03805555555555,-119.17
259,Livermore F.D.  ,LFD,/cgi-bin/rawMAIN.pl?caCLFD,"37° 41' 33.00""N","121° 55' 21.00""W",2011,2016,37.692499999999995,-121.9225
260,Los Gatos ,LGA,/cgi-bin/rawMAIN.pl?caCLGA,"37° 12' 10.00""N","121° 56' 34.00""W",1997,2021,37.20277777777778,-121.94277777777778
261,Lincoln ,LIN,/cgi-bin/rawMAIN.pl?caCLIN,"38° 52' 57.00""N","121° 16' 06.00""W",1991,2021,38.8825,-121.26833333333333
262,Los Vaqueros  ,LVQ,/cgi-bin/rawMAIN.pl?caCLVQ,"37° 47' 18.00""N","121° 44' 05.00""W",2004,2021,37.788333333333334,-121.73472222222222
263,Livermore  ,LVR,/cgi-bin/rawMAIN.pl?caCLVR,"37° 42' 43.00""N","121° 48' 49.00""W",1990,2007,37.71194444444445,-121.81361111111111
264,Lyons Valley       ,LYO,/cgi-bin/rawMAIN.pl?caCLYO,"39° 07' 33.00""N","123° 04' 25.00""W",1988,2021,39.12583333333333,-123.0736111111111
265,Mariposa Grove     ,MAR,/cgi-bin/rawMAIN.pl?caCMAR,"37° 30' 46.00""N","119° 36' 17.00""W",1988,2012,37.51277777777778,-119.60472222222222
266,McGuires ,MCG,/cgi-bin/rawMAIN.pl?caCMCG,"39° 21' 10.00""N","123° 36' 04.00""W",1990,2021,39.35277777777778,-123.60111111111111
267,Mendocino Pass  ,MEN,/cgi-bin/rawMAIN.pl?caCMEN,"39° 48' 27.00""N","122° 56' 42.00""W",2000,2021,39.8075,-122.94500000000001
268,Metcalf Gap ,MET,/cgi-bin/rawMAIN.pl?caCMET,"37° 24' 34.00""N","119° 46' 05.00""W",1990,2021,37.409444444444446,-119.76805555555555
269,Meyers ,MEY,/cgi-bin/rawMAIN.pl?caCMEY,"38° 50' 56.00""N","120° 01' 05.00""W",1998,2013,38.848888888888894,-120.01805555555555
270,Miami  ,MIA,/cgi-bin/rawMAIN.pl?caCMIA,"37° 25' 09.00""N","119° 44' 43.00""W",2004,2021,37.41916666666666,-119.74527777777777
271,Mallory Ridge ,MLR,/cgi-bin/rawMAIN.pl?caCMLR,"37° 49' 02.00""N","121° 46' 44.00""W",1998,2021,37.81722222222223,-121.77888888888889
272,Minarets  ,MNR,/cgi-bin/rawMAIN.pl?caCMNR,"37° 24' 26.00""N","119° 20' 44.00""W",2004,2021,37.407222222222224,-119.34555555555555
273,Mohawk  ,MOH,/cgi-bin/rawMAIN.pl?caCMOH,"39° 46' 46.00""N","120° 35' 41.00""W",2013,2021,39.779444444444444,-120.59472222222222
274,Mountain Rest  ,MOU,/cgi-bin/rawMAIN.pl?caCMOU,"37° 03' 16.00""N","119° 22' 16.00""W",1999,2021,37.05444444444444,-119.3711111111111
275,Middle Peak  ,MPK,/cgi-bin/rawMAIN.pl?caCMPK,"37° 55' 51.00""N","122° 35' 27.00""W",2004,2021,37.93083333333333,-122.59083333333332
276,Markleeville ,MRK,/cgi-bin/rawMAIN.pl?caCMRK,"38° 41' 26.00""N","119° 46' 30.00""W",1998,2021,38.690555555555555,-119.775
277,Mariposa ,MSA,/cgi-bin/rawMAIN.pl?caCMSA,"37° 30' 15.00""N","119° 59' 13.00""W",1990,2021,37.50416666666667,-119.98694444444445
278,Mt. Diablo  ,MTD,/cgi-bin/rawMAIN.pl?caCMTD,"37° 52' 54.00""N","121° 54' 51.00""W",2000,2013,37.88166666666667,-121.91416666666667
279,Mount Zion ,MTZ,/cgi-bin/rawMAIN.pl?caCMTZ,"38° 23' 22.00""N","120° 39' 04.00""W",1990,2021,38.38944444444444,-120.65111111111112
280,North Fork ,NFO,/cgi-bin/rawMAIN.pl?caCNFO,"37° 13' 59.00""N","119° 30' 17.00""W",1998,2021,37.23305555555556,-119.50472222222223
281,Novato Fire - Robinhood  ,NVF,/cgi-bin/rawMAIN.pl?caCNVF,"38° 06' 45.00""N","122° 32' 59.00""W",2016,2021,38.112500000000004,-122.54972222222221
282,Oak Ridge  ,OAR,/cgi-bin/rawMAIN.pl?caCOAR,"38° 44' 17.00""N","123° 18' 30.00""W",2016,2021,38.738055555555555,-123.30833333333334
283,Oakland North ,OKN,/cgi-bin/rawMAIN.pl?caCOKN,"37° 51' 54.00""N","122° 13' 15.00""W",1992,2021,37.865,-122.22083333333333
284,Oakland South ,OKS,/cgi-bin/rawMAIN.pl?caCOKS,"37° 47' 10.00""N","122° 08' 41.00""W",1992,2021,37.78611111111111,-122.14472222222223
285,Olema Valley  ,OLV,/cgi-bin/rawMAIN.pl?caCOLV,"38° 02' 33.00""N","122° 47' 45.00""W",2004,2021,38.0425,-122.79583333333333
286,Openshaw  ,OPS,/cgi-bin/rawMAIN.pl?caCOPS,"39° 35' 23.00""N","121° 38' 07.00""W",2014,2021,39.58972222222222,-121.63527777777779
287,Owens Camp Loc       ,OWE,/cgi-bin/rawMAIN.pl?caCOWE,"38° 44' 00.00""N","120° 14' 42.00""W",1989,2021,38.733333333333334,-120.245
288,Owens Valley ,OWV,/cgi-bin/rawMAIN.pl?caCOWV,"37° 23' 24.00""N","118° 33' 02.00""W",1992,2021,37.39,-118.55055555555555
289,Pike County Lookout   ,PIK,/cgi-bin/rawMAIN.pl?caCPIK,"39° 28' 30.00""N","121° 12' 09.00""W",1985,2021,39.475,-121.2025
290,Pilot Hill ,PIL,/cgi-bin/rawMAIN.pl?caCPIL,"38° 49' 57.00""N","121° 00' 31.00""W",1993,2021,38.8325,-121.00861111111111
291,Pinecrest 2  ,PNC,/cgi-bin/rawMAIN.pl?caCPNC,"38° 11' 10.00""N","120° 00' 38.00""W",2011,2021,38.18611111111111,-120.01055555555556
292,Poverty ,POV,/cgi-bin/rawMAIN.pl?caCPOV,"37° 26' 35.00""N","121° 46' 14.00""W",1998,2021,37.44305555555555,-121.77055555555556
293,Pulgas ,PUL,/cgi-bin/rawMAIN.pl?caCPUL,"37° 28' 30.00""N","122° 17' 53.00""W",1997,2021,37.475,-122.29805555555555
294,Reader Ranch  ,RDR,/cgi-bin/rawMAIN.pl?caCRDR,"39° 18' 13.00""N","121° 07' 02.00""W",2002,2021,39.30361111111111,-121.11722222222221
295,Rice Canyon  ,RIA,/cgi-bin/rawMAIN.pl?caCRIA,"39° 31' 30.00""N","120° 19' 43.00""W",2012,2021,39.525,-120.3286111111111
296,Russian Ridge (CDF#3)  ,RR3,/cgi-bin/rawMAIN.pl?caCRR3,"37° 19' 45.00""N","122° 12' 51.00""W",2007,2007,37.32916666666667,-122.21416666666667
297,Rose Peak  ,RSP,/cgi-bin/rawMAIN.pl?caCRSP,"37° 30' 07.00""N","121° 44' 08.00""W",1995,2021,37.50194444444445,-121.73555555555555
298,Sacramento NWR  ,SAC,/cgi-bin/rawMAIN.pl?caCSAC,"39° 25' 02.00""N","122° 10' 57.00""W",2001,2021,39.41722222222222,-122.1825
299,Soda Creek        ,SDC,/cgi-bin/rawMAIN.pl?caCSDC,"39° 25' 30.00""N","122° 58' 38.00""W",1992,2021,39.425,-122.97722222222222
300,Saddleback  ,SDD,/cgi-bin/rawMAIN.pl?caCSDD,"39° 38' 15.00""N","120° 51' 55.00""W",2001,2021,39.6375,-120.86527777777778
301,Secret Town ,SEC,/cgi-bin/rawMAIN.pl?caCSEC,"39° 11' 01.00""N","120° 53' 05.00""W",1992,2021,39.183611111111105,-120.88472222222222
302,Sugarloaf (5-C)  ,SG5,/cgi-bin/rawMAIN.pl?caCSG5,"38° 47' 02.00""N","120° 18' 36.00""W",2004,2004,38.78388888888889,-120.31
303,Shaver ,SHA,/cgi-bin/rawMAIN.pl?caCSHA,"37° 08' 06.00""N","119° 15' 22.00""W",1995,2021,37.135,-119.25611111111111
304,San Jose  ,SJO,/cgi-bin/rawMAIN.pl?caCSJO,"37° 23' 54.00""N","121° 48' 25.00""W",2008,2021,37.39833333333333,-121.80694444444444
305,San Luis Obispo  ,SLO,/cgi-bin/rawMAIN.pl?caCSLO,"35° 18' 10.00""N","120° 40' 43.00""W",2019,2021,35.30277777777778,-120.67861111111111
306,Canon BAER (Shingle)  ,SMF,/cgi-bin/rawMAIN.pl?caCSMF,"38° 26' 42.00""N","119° 28' 13.00""W",2002,2005,38.44499999999999,-119.47027777777778
307,San Luis NWR  ,SNL,/cgi-bin/rawMAIN.pl?caCSNL,"37° 10' 56.00""N","120° 47' 38.00""W",2002,2021,37.18222222222222,-120.79388888888889
308,Smith Peak  ,SPK,/cgi-bin/rawMAIN.pl?caCSPK,"37° 48' 02.00""N","120° 06' 03.00""W",2012,2021,37.800555555555555,-120.10083333333333
309,Sacramento NWR QD  ,SQD,/cgi-bin/rawMAIN.pl?caCSQD,"39° 26' 46.00""N","122° 11' 02.00""W",2004,2019,39.44611111111111,-122.18388888888889
310,Santa Rosa ,SRS,/cgi-bin/rawMAIN.pl?caCSRS,"38° 28' 43.00""N","122° 42' 43.00""W",1991,2021,38.478611111111114,-122.71194444444444
311,San Simeon  ,SSM,/cgi-bin/rawMAIN.pl?caCSSM,"35° 36' 18.00""N","121° 06' 51.00""W",2015,2021,35.605000000000004,-121.11416666666666
312,STF02 Portable  ,ST2,/cgi-bin/rawMAIN.pl?caCST2,"37° 45' 22.00""N","120° 03' 35.00""W",2003,2010,37.75611111111111,-120.05972222222222
313,Stampede            ,STA,/cgi-bin/rawMAIN.pl?caCSTA,"39° 28' 16.00""N","120° 05' 13.00""W",1991,2021,39.471111111111114,-120.08694444444444
314,Steely Fork  ,STF,/cgi-bin/rawMAIN.pl?caCSTF,"38° 37' 34.00""N","120° 31' 40.00""W",2010,2021,38.626111111111115,-120.52777777777777
315,Stonyford    ,STO,/cgi-bin/rawMAIN.pl?caCSTO,"39° 22' 01.00""N","122° 34' 30.00""W",1994,2021,39.36694444444444,-122.575
316,Cottage  ,STS,/cgi-bin/rawMAIN.pl?caCSTS,"38° 20' 46.00""N","120° 13' 45.00""W",2007,2021,38.346111111111114,-120.22916666666667
317,Spring Valley ,SVA,/cgi-bin/rawMAIN.pl?caCSVA,"37° 33' 45.00""N","122° 26' 11.00""W",1998,2021,37.5625,-122.4363888888889
318,Tahoe Donner  ,TDN,/cgi-bin/rawMAIN.pl?caCTDN,"39° 20' 18.00""N","120° 16' 24.00""W",2016,2021,39.33833333333334,-120.27333333333333
319,Thomes Creek ,THO,/cgi-bin/rawMAIN.pl?caCTHO,"39° 51' 52.00""N","122° 36' 35.00""W",1990,2021,39.864444444444445,-122.60972222222222
320,Las Trampas ,TRA,/cgi-bin/rawMAIN.pl?caCTRA,"37° 50' 02.00""N","122° 04' 01.00""W",1994,2021,37.83388888888889,-122.06694444444445
321,Trench 1  ,TRE,/cgi-bin/rawMAIN.pl?caCTRE,"38° 09' 41.00""N","118° 54' 40.00""W",1998,2002,38.16138888888889,-118.91111111111111
322,Gaylor Meadow      ,TUO,/cgi-bin/rawMAIN.pl?caCTUO,"37° 52' 06.00""N","119° 19' 06.00""W",1988,2011,37.86833333333333,-119.31833333333333
323,Walker  ,WAK,/cgi-bin/rawMAIN.pl?caCWAK,"38° 33' 55.00""N","119° 27' 33.00""W",2001,2021,38.56527777777777,-119.45916666666668
324,Wawona        ,WAW,/cgi-bin/rawMAIN.pl?caCWAW,"37° 32' 24.00""N","119° 39' 06.00""W",2004,2021,37.54,-119.65166666666667
325,White Cloud          ,WHC,/cgi-bin/rawMAIN.pl?caCWHC,"39° 19' 00.00""N","120° 50' 15.00""W",1993,2021,39.31666666666667,-120.83749999999999
326,Woodacre  ,WOO,/cgi-bin/rawMAIN.pl?caCWOO,"37° 59' 26.00""N","122° 38' 41.00""W",2003,2021,37.99055555555556,-122.64472222222223
327,White Wolf         ,WWO,/cgi-bin/rawMAIN.pl?caCWWO,"37° 51' 04.00""N","119° 39' 00.00""W",1988,2021,37.85111111111111,-119.65
328,Arroyo Grande ,AGD,/cgi-bin/rawMAIN.pl?caCAGD,"35° 10' 45.00""N","120° 23' 31.00""W",1997,2019,35.17916666666667,-120.39194444444445
329,Alcalde  ,ALC,/cgi-bin/rawMAIN.pl?caCALC,"36° 11' 00.00""N","120° 29' 55.00""W",2017,2021,36.18333333333333,-120.49861111111112
330,Arroyo Seco (Mt. Diablo) ,ARR,/cgi-bin/rawMAIN.pl?caCARR,"36° 13' 48.00""N","121° 29' 30.00""W",1996,2021,36.230000000000004,-121.49166666666667
331,Ash Mountain  ,ASM,/cgi-bin/rawMAIN.pl?caCASM,"36° 29' 29.00""N","118° 49' 31.00""W",2004,2021,36.49138888888889,-118.82527777777777
332,Altamont  ,ATT,/cgi-bin/rawMAIN.pl?caCATT,"37° 41' 35.00""N","121° 36' 34.00""W",2005,2021,37.69305555555555,-121.60944444444443
333,Bradley  ,BDY,/cgi-bin/rawMAIN.pl?caCBDY,"35° 51' 52.00""N","120° 48' 11.00""W",2002,2021,35.864444444444445,-120.80305555555556
334,Bear Peak           ,BEA,/cgi-bin/rawMAIN.pl?caCBEA,"35° 53' 03.00""N","118° 03' 06.00""W",1991,2021,35.884166666666665,-118.05166666666666
335,Bear Valley  ,BEY,/cgi-bin/rawMAIN.pl?caCBEY,"35° 08' 23.00""N","118° 37' 30.00""W",2002,2009,35.13972222222222,-118.625
336,Blue Max  ,BMX,/cgi-bin/rawMAIN.pl?caCBMX,"35° 42' 35.00""N","117° 58' 19.00""W",2005,2021,35.709722222222226,-117.97194444444445
337,Branch Mountain ,BRA,/cgi-bin/rawMAIN.pl?caCBRA,"35° 11' 20.00""N","120° 05' 00.00""W",1996,2021,35.18888888888888,-120.08333333333333
338,Breckenridge  ,BRE,/cgi-bin/rawMAIN.pl?caCBRE,"35° 27' 02.00""N","118° 35' 02.00""W",2004,2021,35.45055555555556,-118.58388888888888
339,Blackrock ,BRK,/cgi-bin/rawMAIN.pl?caCBRK,"36° 05' 35.00""N","118° 15' 37.00""W",1999,2021,36.09305555555556,-118.26027777777777
340,Bird Springs Pass  ,BSP,/cgi-bin/rawMAIN.pl?caCBSP,"35° 32' 09.00""N","118° 08' 25.00""W",2011,2021,35.53583333333333,-118.14027777777778
341,Big Sur  ,BSR,/cgi-bin/rawMAIN.pl?caCBSR,"36° 14' 08.00""N","121° 47' 06.00""W",2001,2021,36.23555555555556,-121.785
342,Cedar Grove  ,CDG,/cgi-bin/rawMAIN.pl?caCCDG,"36° 47' 16.00""N","118° 39' 22.00""W",1999,2021,36.78777777777778,-118.65611111111112
343,Case Mountain  ,CMO,/cgi-bin/rawMAIN.pl?caCCMO,"36° 24' 39.00""N","118° 48' 33.00""W",2002,2021,36.41083333333333,-118.80916666666667
344,Corralitos ,COR,/cgi-bin/rawMAIN.pl?caCCOR,"36° 59' 28.00""N","121° 47' 52.00""W",1990,2021,36.99111111111111,-121.79777777777778
345,Delonagha ,DEL,/cgi-bin/rawMAIN.pl?caCDEL,"35° 34' 12.00""N","118° 37' 00.00""W",1997,2002,35.57,-118.61666666666666
346,Democrat  ,DMC,/cgi-bin/rawMAIN.pl?caCDMC,"35° 31' 54.00""N","118° 37' 49.00""W",2002,2021,35.531666666666666,-118.63027777777778
347,Eureka Valley  ,EUR,/cgi-bin/rawMAIN.pl?caCEUR,"37° 10' 35.00""N","117° 47' 19.00""W",2013,2021,37.17638888888889,-117.78861111111111
348,Fancher Creek ,FAN,/cgi-bin/rawMAIN.pl?caCFAN,"36° 53' 02.00""N","119° 27' 57.00""W",1990,2021,36.88388888888889,-119.46583333333334
349,Fence Meadow ,FEN,/cgi-bin/rawMAIN.pl?caCFEN,"36° 57' 41.00""N","119° 10' 30.00""W",1999,2021,36.96138888888889,-119.17500000000001
350,Fort Hunter Liggett  ,FHL,/cgi-bin/rawMAIN.pl?caCFHL,"36° 00' 42.00""N","121° 14' 30.00""W",2001,2021,36.01166666666666,-121.24166666666667
351,Five Mile  ,FIV,/cgi-bin/rawMAIN.pl?caCFIV,"35° 52' 18.00""N","117° 55' 06.00""W",1998,2021,35.87166666666667,-117.91833333333334
352,Fort Ord #1  ,FO1,/cgi-bin/rawMAIN.pl?caCFO1,"36° 37' 37.00""N","121° 47' 53.00""W",2001,2012,36.62694444444445,-121.79805555555555
353,Fort Ord #2  ,FO2,/cgi-bin/rawMAIN.pl?caCFO2,"36° 37' 37.00""N","121° 47' 11.00""W",2001,2012,36.62694444444445,-121.7863888888889
354,Fountain Springs ,FOU,/cgi-bin/rawMAIN.pl?caCFOU,"35° 53' 28.00""N","118° 54' 56.00""W",1990,2021,35.89111111111111,-118.91555555555556
355,Fort Ord (Portable)   ,FTO,/cgi-bin/rawMAIN.pl?caCFTO,"36° 35' 58.00""N","121° 45' 09.00""W",2001,2005,36.599444444444444,-121.7525
356,Hastings ,HAS,/cgi-bin/rawMAIN.pl?caCHAS,"36° 23' 19.00""N","121° 33' 06.00""W",1997,2021,36.38861111111111,-121.55166666666666
357,Hernandez ,HER,/cgi-bin/rawMAIN.pl?caCHER,"36° 22' 57.00""N","120° 51' 21.00""W",1990,2021,36.3825,-120.85583333333332
358,Hollister  ,HLR,/cgi-bin/rawMAIN.pl?caCHLR,"36° 50' 32.00""N","121° 21' 44.00""W",2002,2021,36.842222222222226,-121.36222222222221
359,Hunter Mountain      ,HNM,/cgi-bin/rawMAIN.pl?caCHNM,"36° 33' 45.00""N","117° 28' 25.00""W",1989,2021,36.5625,-117.47361111111111
360,Hart Flat  ,HTF,/cgi-bin/rawMAIN.pl?caCHTF,"35° 15' 04.00""N","118° 36' 01.00""W",2005,2021,35.25111111111111,-118.60027777777778
361,Indian Wells Canyon  ,INW,/cgi-bin/rawMAIN.pl?caCINW,"35° 41' 06.00""N","117° 53' 22.00""W",1996,2021,35.684999999999995,-117.88944444444445
362,Jawbone              ,JAW,/cgi-bin/rawMAIN.pl?caCJAW,"35° 17' 41.00""N","118° 13' 35.00""W",1991,2021,35.29472222222222,-118.22638888888889
363,Johnsondale    ,JOH,/cgi-bin/rawMAIN.pl?caCJOH,"35° 58' 18.00""N","118° 32' 42.00""W",1998,2021,35.97166666666667,-118.545
364,Kernville ,KER,/cgi-bin/rawMAIN.pl?caCKER,"35° 45' 18.00""N","118° 25' 00.00""W",1999,2006,35.755,-118.41666666666667
365,Kettleman Hills    ,KET,/cgi-bin/rawMAIN.pl?caCKET,"36° 02' 00.00""N","120° 03' 25.00""W",1988,2021,36.03333333333333,-120.05694444444444
366,River Kern  ,KV1,/cgi-bin/rawMAIN.pl?caCKV1,"35° 46' 39.00""N","118° 25' 58.00""W",2004,2021,35.777499999999996,-118.43277777777779
367,La Panza ,LAP,/cgi-bin/rawMAIN.pl?caCLAP,"35° 22' 52.00""N","120° 11' 15.00""W",1990,2021,35.38111111111111,-120.1875
368,Laural Mountain  ,LAR,/cgi-bin/rawMAIN.pl?caCLAR,"35° 28' 42.00""N","117° 41' 56.00""W",1996,2021,35.47833333333333,-117.69888888888889
369,Lake County  ,LCR,/cgi-bin/rawMAIN.pl?caCLCR,"39° 01' 56.00""N","122° 55' 20.00""W",2013,2021,39.032222222222224,-122.92222222222223
370,Las Tablas ,LST,/cgi-bin/rawMAIN.pl?caCLST,"35° 39' 23.00""N","120° 55' 27.00""W",1990,2021,35.656388888888884,-120.92416666666666
371,Los Vaqueros  ,LVA,/cgi-bin/rawMAIN.pl?caCLVA,"37° 49' 55.00""N","121° 42' 15.00""W",2003,2007,37.831944444444446,-121.70416666666667
372,Lynch Canyon  ,LYC,/cgi-bin/rawMAIN.pl?caCLYC,"35° 36' 42.00""N","118° 24' 18.00""W",2007,2021,35.611666666666665,-118.405
373,Milo  ,MIO,/cgi-bin/rawMAIN.pl?caCMIO,"36° 13' 53.00""N","118° 52' 08.00""W",2001,2021,36.231388888888894,-118.86888888888888
374,Marquez  ,MRQ,/cgi-bin/rawMAIN.pl?caCMRQ,"36° 21' 35.00""N","120° 46' 23.00""W",2011,2021,36.359722222222224,-120.77305555555556
375,Mtn Home  ,MTH,/cgi-bin/rawMAIN.pl?caCMTH,"36° 13' 26.00""N","118° 39' 56.00""W",2018,2021,36.223888888888894,-118.66555555555556
376,Oak Creek           ,OCR,/cgi-bin/rawMAIN.pl?caCOCR,"36° 50' 37.00""N","118° 15' 56.00""W",1994,2021,36.843611111111116,-118.26555555555555
377,Oak Opening  ,OKO,/cgi-bin/rawMAIN.pl?caCOKO,"36° 10' 31.00""N","118° 42' 06.00""W",1996,2021,36.17527777777777,-118.70166666666667
378,Opal Mountain         ,OPA,/cgi-bin/rawMAIN.pl?caCOPA,"35° 09' 15.00""N","117° 10' 32.00""W",1991,2021,35.15416666666667,-117.17555555555556
379,Panamint           ,PAN,/cgi-bin/rawMAIN.pl?caCPAN,"36° 07' 13.00""N","117° 05' 16.00""W",1988,2015,36.12027777777778,-117.08777777777777
380,Parkfield ,PAR,/cgi-bin/rawMAIN.pl?caCPAR,"35° 53' 56.00""N","120° 25' 55.00""W",1990,2021,35.89888888888889,-120.43194444444445
381,Peppermint   ,PEP,/cgi-bin/rawMAIN.pl?caCPEP,"36° 04' 24.00""N","118° 32' 29.00""W",2004,2021,36.07333333333334,-118.54138888888889
382,Pinehurst  ,PIH,/cgi-bin/rawMAIN.pl?caCPIH,"36° 41' 07.00""N","119° 00' 00.00""W",2001,2021,36.68527777777778,-119.0
383,Piutes  ,PIU,/cgi-bin/rawMAIN.pl?caCPIU,"35° 25' 54.00""N","118° 19' 47.00""W",2004,2021,35.431666666666665,-118.32972222222222
384,Park Ridge ,PKR,/cgi-bin/rawMAIN.pl?caCPKR,"36° 43' 27.00""N","118° 56' 33.00""W",1997,2021,36.72416666666667,-118.94250000000001
385,Pinnacles  ,PNN,/cgi-bin/rawMAIN.pl?caCPNN,"36° 28' 15.00""N","121° 08' 50.00""W",2001,2021,36.47083333333334,-121.14722222222223
386,Panoche Road ,PRD,/cgi-bin/rawMAIN.pl?caCPRD,"36° 43' 37.00""N","120° 45' 57.00""W",1990,2021,36.72694444444445,-120.76583333333333
387,Rattlesnake        ,RTL,/cgi-bin/rawMAIN.pl?caCRTL,"36° 24' 25.00""N","118° 25' 18.00""W",1992,2020,36.40694444444444,-118.42166666666667
388,Shadequarter ,SHQ,/cgi-bin/rawMAIN.pl?caCSHQ,"36° 34' 02.00""N","118° 57' 20.00""W",1990,2021,36.56722222222223,-118.95555555555556
389,Santa Rita            ,SNR,/cgi-bin/rawMAIN.pl?caCSNR,"36° 20' 52.00""N","120° 35' 52.00""W",1991,2021,36.34777777777778,-120.59777777777778
390,Squaw Springs       ,SQS,/cgi-bin/rawMAIN.pl?caCSQS,"35° 22' 12.00""N","117° 34' 06.00""W",1991,2021,35.37,-117.56833333333333
391,Saratoga Spring  ,SRT,/cgi-bin/rawMAIN.pl?caCSRT,"35° 40' 50.00""N","116° 25' 20.00""W",2013,2021,35.68055555555555,-116.42222222222223
392,Sugarloaf          ,SUG,/cgi-bin/rawMAIN.pl?caCSUG,"36° 43' 36.00""N","118° 40' 30.00""W",1992,2020,36.72666666666667,-118.67500000000001
393,Mount Tom ,TOM,/cgi-bin/rawMAIN.pl?caCTOM,"37° 22' 34.00""N","119° 10' 42.00""W",1999,2021,37.376111111111115,-119.17833333333334
394,Trimmer ,TRM,/cgi-bin/rawMAIN.pl?caCTRM,"36° 54' 40.00""N","119° 18' 18.00""W",1999,2021,36.91111111111111,-119.30499999999999
395,Twisselman  ,TWI,/cgi-bin/rawMAIN.pl?caCTWI,"35° 21' 45.00""N","119° 49' 24.00""W",2005,2021,35.362500000000004,-119.82333333333332
396,Walker Pass     ,WAL,/cgi-bin/rawMAIN.pl?caCWAL,"35° 39' 53.00""N","118° 03' 25.00""W",1991,2021,35.664722222222224,-118.05694444444444
397,Woody  ,WDY,/cgi-bin/rawMAIN.pl?caCWDY,"35° 42' 22.00""N","118° 49' 57.00""W",2010,2021,35.70611111111111,-118.8325
398,Wofford Heights  ,WOF,/cgi-bin/rawMAIN.pl?caCWOF,"35° 43' 18.00""N","118° 29' 56.00""W",1997,2021,35.72166666666667,-118.49888888888889
399,Wolverton  ,WOL,/cgi-bin/rawMAIN.pl?caCWOL,"36° 26' 42.00""N","118° 42' 12.00""W",1996,2021,36.44499999999999,-118.70333333333333
400,Walker Passe  ,WPS,/cgi-bin/rawMAIN.pl?caCWPS,"35° 39' 45.00""N","118° 01' 32.00""W",2005,2020,35.6625,-118.02555555555556
401,San Luis Obispo  ,SLO,/cgi-bin/rawMAIN.pl?caCSLO,"35° 18' 10.00""N","120° 40' 43.00""W",2019,2021,35.30277777777778,-120.67861111111111
402,San Simeon  ,SSM,/cgi-bin/rawMAIN.pl?caCSSM,"35° 36' 18.00""N","121° 06' 51.00""W",2015,2021,35.605000000000004,-121.11416666666666
403,Acton         ,ACT,/cgi-bin/rawMAIN.pl?caCACT,"34° 26' 45.00""N","118° 12' 00.00""W",1995,2021,34.44583333333333,-118.2
404,Arroyo Grande ,AGD,/cgi-bin/rawMAIN.pl?caCAGD,"35° 10' 45.00""N","120° 23' 31.00""W",1997,2019,35.17916666666667,-120.39194444444445
405,Angelus Hill  ,AHL,/cgi-bin/rawMAIN.pl?caCAHL,"33° 48' 29.00""N","116° 51' 18.00""W",2008,2010,33.808055555555555,-116.85499999999999
406,Alcalde  ,ALC,/cgi-bin/rawMAIN.pl?caCALC,"36° 11' 00.00""N","120° 29' 55.00""W",2017,2021,36.18333333333333,-120.49861111111112
407,Aliso Laguna  ,ALG,/cgi-bin/rawMAIN.pl?caCALG,"33° 32' 10.00""N","117° 45' 12.00""W",2016,2021,33.53611111111111,-117.75333333333333
408,Alpine  ,ALP,/cgi-bin/rawMAIN.pl?caCALP,"32° 50' 01.00""N","116° 44' 21.00""W",2001,2021,32.83361111111111,-116.73916666666666
409,Ammo Dump  ,AMM,/cgi-bin/rawMAIN.pl?caCAMM,"33° 22' 53.00""N","117° 17' 08.00""W",2001,2013,33.38138888888889,-117.28555555555555
410,Anacapa Island  ,ANA,/cgi-bin/rawMAIN.pl?caCANA,"34° 00' 57.00""N","119° 21' 35.00""W",2004,2021,34.01583333333333,-119.35972222222222
411,Anza ,ANZ,/cgi-bin/rawMAIN.pl?caCANZ,"33° 33' 18.00""N","116° 40' 23.00""W",1995,2021,33.555,-116.67305555555556
412,Apple Valley  ,APP,/cgi-bin/rawMAIN.pl?caCAPP,"34° 35' 33.00""N","117° 10' 06.00""W",2004,2021,34.5925,-117.16833333333334
413,Arroyo Seco (Mt. Diablo) ,ARR,/cgi-bin/rawMAIN.pl?caCARR,"36° 13' 48.00""N","121° 29' 30.00""W",1996,2021,36.230000000000004,-121.49166666666667
414,Ash Mountain  ,ASM,/cgi-bin/rawMAIN.pl?caCASM,"36° 29' 29.00""N","118° 49' 31.00""W",2004,2021,36.49138888888889,-118.82527777777777
415,Banner Queen  ,BAN,/cgi-bin/rawMAIN.pl?caCBAN,"33° 02' 06.00""N","116° 31' 51.00""W",1998,2001,33.035,-116.53083333333333
416,Bell Canyon ,BCN,/cgi-bin/rawMAIN.pl?caCBCN,"33° 32' 30.00""N","117° 35' 30.00""W",1993,2021,33.541666666666664,-117.59166666666667
417,Bernadette  ,BDT,/cgi-bin/rawMAIN.pl?caCBDT,"33° 38' 35.00""N","116° 46' 43.00""W",2008,2010,33.643055555555556,-116.7786111111111
418,Bradley  ,BDY,/cgi-bin/rawMAIN.pl?caCBDY,"35° 51' 52.00""N","120° 48' 11.00""W",2002,2021,35.864444444444445,-120.80305555555556
419,Bear Peak           ,BEA,/cgi-bin/rawMAIN.pl?caCBEA,"35° 53' 03.00""N","118° 03' 06.00""W",1991,2021,35.884166666666665,-118.05166666666666
420,Beaumont  ,BEU,/cgi-bin/rawMAIN.pl?caCBEU,"33° 55' 50.00""N","116° 57' 00.00""W",2003,2021,33.93055555555555,-116.95
421,Beverly Hills ,BEV,/cgi-bin/rawMAIN.pl?caCBEV,"34° 07' 30.00""N","118° 24' 44.00""W",1997,2021,34.125,-118.41222222222223
422,Bear Valley  ,BEY,/cgi-bin/rawMAIN.pl?caCBEY,"35° 08' 23.00""N","118° 37' 30.00""W",2002,2009,35.13972222222222,-118.625
423,Big Pines  ,BIP,/cgi-bin/rawMAIN.pl?caCBIP,"34° 22' 44.00""N","117° 41' 31.00""W",2002,2021,34.37888888888889,-117.69194444444445
424,Boulevard  ,BLV,/cgi-bin/rawMAIN.pl?caCBLV,"32° 39' 44.00""N","116° 16' 18.00""W",2005,2016,32.66222222222222,-116.27166666666666
425,Blue Max  ,BMX,/cgi-bin/rawMAIN.pl?caCBMX,"35° 42' 35.00""N","117° 58' 19.00""W",2005,2021,35.709722222222226,-117.97194444444445
426,Banning  ,BNN,/cgi-bin/rawMAIN.pl?caCBNN,"33° 58' 24.00""N","116° 54' 45.00""W",2017,2021,33.973333333333336,-116.91250000000001
427,Big Pine Flat  ,BPI,/cgi-bin/rawMAIN.pl?caCBPI,"34° 19' 10.00""N","117° 00' 47.00""W",2001,2021,34.31944444444445,-117.01305555555555
428,Branch Mountain ,BRA,/cgi-bin/rawMAIN.pl?caCBRA,"35° 11' 20.00""N","120° 05' 00.00""W",1996,2021,35.18888888888888,-120.08333333333333
429,Breckenridge  ,BRE,/cgi-bin/rawMAIN.pl?caCBRE,"35° 27' 02.00""N","118° 35' 02.00""W",2004,2021,35.45055555555556,-118.58388888888888
430,Blackrock ,BRK,/cgi-bin/rawMAIN.pl?caCBRK,"36° 05' 35.00""N","118° 15' 37.00""W",1999,2021,36.09305555555556,-118.26027777777777
431,Burro Canyon (BAER)  ,BRR,/cgi-bin/rawMAIN.pl?caCBRR,"34° 14' 44.00""N","117° 50' 17.00""W",2003,2006,34.245555555555555,-117.83805555555556
432,Bouquet Reservoir  ,BRS,/cgi-bin/rawMAIN.pl?caCBRS,"34° 34' 53.00""N","118° 24' 14.00""W",2002,2003,34.581388888888895,-118.4038888888889
433,Barrett  ,BRT,/cgi-bin/rawMAIN.pl?caCBRT,"32° 40' 03.00""N","116° 41' 58.00""W",2009,2021,32.6675,-116.69944444444445
434,Bird Springs Pass  ,BSP,/cgi-bin/rawMAIN.pl?caCBSP,"35° 32' 09.00""N","118° 08' 25.00""W",2011,2021,35.53583333333333,-118.14027777777778
435,Big Sur  ,BSR,/cgi-bin/rawMAIN.pl?caCBSR,"36° 14' 08.00""N","121° 47' 06.00""W",2001,2021,36.23555555555556,-121.785
436,Burns Canyon       ,BUR,/cgi-bin/rawMAIN.pl?caCBUR,"34° 12' 37.00""N","116° 38' 02.00""W",1991,2021,34.21027777777778,-116.63388888888889
437,Buttercup  ,BUU,/cgi-bin/rawMAIN.pl?caCBUU,"32° 44' 23.00""N","114° 53' 02.00""W",2000,2021,32.73972222222222,-114.88388888888889
438,Cahuilla  ,CAA,/cgi-bin/rawMAIN.pl?caCCAA,"32° 58' 25.00""N","115° 10' 25.00""W",2000,2021,32.97361111111111,-115.17361111111111
439,Cabazon  ,CAB,/cgi-bin/rawMAIN.pl?caCCAB,"33° 55' 55.00""N","116° 48' 19.00""W",2010,2021,33.93194444444444,-116.80527777777777
440,Camp Elliot   ,CAE,/cgi-bin/rawMAIN.pl?caCCAE,"32° 51' 33.00""N","117° 06' 20.00""W",2004,2021,32.85916666666667,-117.10555555555555
441,Cameron Fire Station  ,CAM,/cgi-bin/rawMAIN.pl?caCCAM,"32° 43' 17.00""N","116° 27' 47.00""W",1994,2021,32.72138888888889,-116.46305555555556
442,Carrizo           ,CAR,/cgi-bin/rawMAIN.pl?caCCAR,"35° 05' 47.00""N","119° 46' 22.00""W",1991,2021,35.09638888888889,-119.77277777777778
443,Case Springs ,CAS,/cgi-bin/rawMAIN.pl?caCCAS,"33° 26' 42.00""N","117° 25' 05.00""W",1992,2021,33.44499999999999,-117.41805555555555
444,Cedar Grove  ,CDG,/cgi-bin/rawMAIN.pl?caCCDG,"36° 47' 16.00""N","118° 39' 22.00""W",1999,2021,36.78777777777778,-118.65611111111112
445,Catalina - Dakin Peak  ,CDP,/cgi-bin/rawMAIN.pl?caCCDP,"33° 21' 03.00""N","118° 21' 08.00""W",2016,2021,33.350833333333334,-118.35222222222221
446,Cheeseboro           ,CHB,/cgi-bin/rawMAIN.pl?caCCHB,"34° 11' 05.00""N","118° 43' 02.00""W",1995,2021,34.18472222222222,-118.71722222222222
447,Chilao              ,CHI,/cgi-bin/rawMAIN.pl?caCCHI,"34° 19' 54.00""N","118° 01' 49.00""W",1986,2021,34.33166666666667,-118.03027777777778
448,Chuchupate  ,CHU,/cgi-bin/rawMAIN.pl?caCCHU,"34° 48' 30.00""N","119° 00' 45.00""W",1999,2021,34.80833333333333,-119.0125
449,Claremont ,CLA,/cgi-bin/rawMAIN.pl?caCCLA,"34° 08' 13.00""N","117° 42' 25.00""W",1998,2021,34.136944444444445,-117.70694444444445
450,Clear Creek  ,CLE,/cgi-bin/rawMAIN.pl?caCCLE,"34° 16' 16.00""N","118° 09' 09.00""W",2002,2021,34.27111111111111,-118.1525
451,Clark  ,CLK,/cgi-bin/rawMAIN.pl?caCCLK,"33° 52' 36.00""N","117° 18' 32.00""W",2000,2021,33.876666666666665,-117.30888888888889
452,Case Mountain  ,CMO,/cgi-bin/rawMAIN.pl?caCCMO,"36° 24' 39.00""N","118° 48' 33.00""W",2002,2021,36.41083333333333,-118.80916666666667
453,Corona #2  ,CO2,/cgi-bin/rawMAIN.pl?caCCO2,"33° 49' 08.00""N","117° 34' 25.00""W",2010,2021,33.81888888888889,-117.5736111111111
454,Corona  ,COA,/cgi-bin/rawMAIN.pl?caCCOA,"33° 52' 28.00""N","117° 32' 57.00""W",2001,2011,33.87444444444444,-117.54916666666666
455,Converse ,CON,/cgi-bin/rawMAIN.pl?caCCON,"34° 11' 39.00""N","116° 54' 47.00""W",1997,2021,34.19416666666666,-116.91305555555556
456,Corralitos ,COR,/cgi-bin/rawMAIN.pl?caCCOR,"36° 59' 28.00""N","121° 47' 52.00""W",1990,2021,36.99111111111111,-121.79777777777778
457,Covington  ,COV,/cgi-bin/rawMAIN.pl?caCCOV,"34° 03' 12.00""N","116° 20' 03.00""W",2001,2004,34.05333333333333,-116.33416666666666
458,Camp 9 ,CP9,/cgi-bin/rawMAIN.pl?caCCP9,"34° 21' 42.00""N","118° 25' 18.00""W",1995,2021,34.361666666666665,-118.42166666666667
459,Carpinteria  ,CRP,/cgi-bin/rawMAIN.pl?caCCRP,"34° 26' 40.00""N","119° 30' 47.00""W",2019,2021,34.44444444444444,-119.51305555555555
460,Cranston  ,CRT,/cgi-bin/rawMAIN.pl?caCCRT,"33° 44' 25.00""N","116° 50' 29.00""W",2002,2021,33.74027777777778,-116.84138888888889
461,Crystal Lake (BAER)  ,CRY,/cgi-bin/rawMAIN.pl?caCCRY,"34° 19' 05.00""N","117° 50' 30.00""W",2003,2005,34.31805555555556,-117.84166666666667
462,Casitas  ,CS2,/cgi-bin/rawMAIN.pl?caCCS2,"34° 24' 29.00""N","119° 22' 13.00""W",2004,2021,34.408055555555556,-119.37027777777777
463,Cathedral Canyon  ,CTH,/cgi-bin/rawMAIN.pl?caCCTH,"33° 46' 07.00""N","116° 28' 48.00""W",2005,2021,33.76861111111111,-116.48
464,Cuyama Valley  ,CUY,/cgi-bin/rawMAIN.pl?caCCUY,"34° 57' 55.00""N","119° 52' 49.00""W",2019,2021,34.96527777777778,-119.88027777777778
465,Delonagha ,DEL,/cgi-bin/rawMAIN.pl?caCDEL,"35° 34' 12.00""N","118° 37' 00.00""W",1997,2002,35.57,-118.61666666666666
466,Descanso   ,DES,/cgi-bin/rawMAIN.pl?caCDES,"32° 51' 25.00""N","116° 37' 20.00""W",1997,2021,32.856944444444444,-116.62222222222222
467,Democrat  ,DMC,/cgi-bin/rawMAIN.pl?caCDMC,"35° 31' 54.00""N","118° 37' 49.00""W",2002,2021,35.531666666666666,-118.63027777777778
468,Delnorte ,DNO,/cgi-bin/rawMAIN.pl?caCDNO,"34° 00' 33.00""N","119° 39' 15.00""W",1999,2010,34.009166666666665,-119.65416666666667
469,DWP Powerplant #1  ,DP1,/cgi-bin/rawMAIN.pl?caCDP1,"34° 35' 56.00""N","118° 27' 04.00""W",2000,2004,34.598888888888894,-118.45111111111112
470,Dos Palmas  ,DPA,/cgi-bin/rawMAIN.pl?caCDPA,"33° 30' 19.00""N","115° 50' 23.00""W",2010,2021,33.50527777777778,-115.83972222222222
471,Devore 2  ,DV2,/cgi-bin/rawMAIN.pl?caCDV2,"34° 10' 56.00""N","117° 23' 06.00""W",2017,2021,34.18222222222222,-117.385
472,Del Valle ,DVA,/cgi-bin/rawMAIN.pl?caCDVA,"34° 25' 52.00""N","118° 40' 58.00""W",1998,2021,34.43111111111111,-118.68277777777779
473,Devore ,DVR,/cgi-bin/rawMAIN.pl?caCDVR,"34° 13' 16.00""N","117° 24' 16.00""W",1990,2017,34.221111111111114,-117.40444444444445
474,El Cariso        ,ELC,/cgi-bin/rawMAIN.pl?caCELC,"33° 38' 50.00""N","117° 24' 40.00""W",1995,2021,33.64722222222222,-117.41111111111111
475,El Mirage  ,ELM,/cgi-bin/rawMAIN.pl?caCELM,"34° 38' 04.00""N","117° 33' 01.00""W",1997,2021,34.63444444444444,-117.55027777777778
476,CalFire Portable #31  ,F31,/cgi-bin/rawMAIN.pl?caCF31,"34° 10' 55.00""N","117° 23' 07.00""W",2016,2017,34.18194444444444,-117.38527777777779
477,Fancher Creek ,FAN,/cgi-bin/rawMAIN.pl?caCFAN,"36° 53' 02.00""N","119° 27' 57.00""W",1990,2021,36.88388888888889,-119.46583333333334
478,Fawnskin           ,FAW,/cgi-bin/rawMAIN.pl?caCFAW,"34° 15' 58.00""N","116° 53' 56.00""W",1995,2021,34.26611111111111,-116.89888888888889
479,Fence Meadow ,FEN,/cgi-bin/rawMAIN.pl?caCFEN,"36° 57' 41.00""N","119° 10' 30.00""W",1999,2021,36.96138888888889,-119.17500000000001
480,Fort Hunter Liggett  ,FHL,/cgi-bin/rawMAIN.pl?caCFHL,"36° 00' 42.00""N","121° 14' 30.00""W",2001,2021,36.01166666666666,-121.24166666666667
481,Figueroa  ,FIG,/cgi-bin/rawMAIN.pl?caCFIG,"34° 43' 59.00""N","120° 00' 24.00""W",2002,2021,34.73305555555556,-120.00666666666666
482,Fish Creek Mtn     ,FIS,/cgi-bin/rawMAIN.pl?caCFIS,"32° 59' 25.00""N","116° 04' 01.00""W",1988,2021,32.99027777777778,-116.06694444444445
483,Five Mile  ,FIV,/cgi-bin/rawMAIN.pl?caCFIV,"35° 52' 18.00""N","117° 55' 06.00""W",1998,2021,35.87166666666667,-117.91833333333334
484,Fallbrook  ,FLB,/cgi-bin/rawMAIN.pl?caCFLB,"33° 22' 58.00""N","117° 17' 08.00""W",2018,2021,33.382777777777775,-117.28555555555555
485,Fort Ord #1  ,FO1,/cgi-bin/rawMAIN.pl?caCFO1,"36° 37' 37.00""N","121° 47' 53.00""W",2001,2012,36.62694444444445,-121.79805555555555
486,Fort Ord #2  ,FO2,/cgi-bin/rawMAIN.pl?caCFO2,"36° 37' 37.00""N","121° 47' 11.00""W",2001,2012,36.62694444444445,-121.7863888888889
487,Fountain Springs ,FOU,/cgi-bin/rawMAIN.pl?caCFOU,"35° 53' 28.00""N","118° 54' 56.00""W",1990,2021,35.89111111111111,-118.91555555555556
488,Fremont Canyon ,FRE,/cgi-bin/rawMAIN.pl?caCFRE,"33° 48' 29.00""N","117° 42' 40.00""W",1991,2021,33.808055555555555,-117.71111111111111
489,Fort Ord (Portable)   ,FTO,/cgi-bin/rawMAIN.pl?caCFTO,"36° 35' 58.00""N","121° 45' 09.00""W",2001,2005,36.599444444444444,-121.7525
490,Gaviota  ,GAV,/cgi-bin/rawMAIN.pl?caCGAV,"34° 29' 18.00""N","120° 14' 09.00""W",2018,2021,34.48833333333334,-120.23583333333333
491,Goose Valley  ,GOO,/cgi-bin/rawMAIN.pl?caCGOO,"33° 04' 25.00""N","116° 50' 45.00""W",2000,2021,33.07361111111111,-116.84583333333333
492,Granite Mountain     ,GRA,/cgi-bin/rawMAIN.pl?caCGRA,"34° 32' 08.00""N","117° 01' 33.00""W",1991,2005,34.535555555555554,-117.02583333333334
493,Grapevine Peak  ,GRP,/cgi-bin/rawMAIN.pl?caCGRP,"34° 54' 06.00""N","118° 54' 12.00""W",2005,2021,34.901666666666664,-118.90333333333334
494,Grass Mountain  ,GRS,/cgi-bin/rawMAIN.pl?caCGRS,"34° 38' 27.00""N","118° 24' 51.00""W",2004,2021,34.64083333333333,-118.41416666666667
495,Hawkins  ,HAK,/cgi-bin/rawMAIN.pl?caCHAK,"34° 18' 41.00""N","117° 48' 34.00""W",2002,2003,34.311388888888885,-117.80944444444444
496,Hastings ,HAS,/cgi-bin/rawMAIN.pl?caCHAS,"36° 23' 19.00""N","121° 33' 06.00""W",1997,2021,36.38861111111111,-121.55166666666666
497,Henninger Flats  ,HEN,/cgi-bin/rawMAIN.pl?caCHEN,"34° 11' 42.00""N","118° 05' 36.00""W",2009,2021,34.19499999999999,-118.09333333333333
498,Hernandez ,HER,/cgi-bin/rawMAIN.pl?caCHER,"36° 22' 57.00""N","120° 51' 21.00""W",1990,2021,36.3825,-120.85583333333332
499,Hollister  ,HLR,/cgi-bin/rawMAIN.pl?caCHLR,"36° 50' 32.00""N","121° 21' 44.00""W",2002,2021,36.842222222222226,-121.36222222222221
500,Hunter Mountain      ,HNM,/cgi-bin/rawMAIN.pl?caCHNM,"36° 33' 45.00""N","117° 28' 25.00""W",1989,2021,36.5625,-117.47361111111111
501,Hoeppel  ,HOE,/cgi-bin/rawMAIN.pl?caCHOE,"32° 55' 36.00""N","118° 31' 54.00""W",2012,2021,32.92666666666666,-118.53166666666667
502,Horse Thief Springs   ,HOR,/cgi-bin/rawMAIN.pl?caCHOR,"35° 46' 14.00""N","115° 54' 33.00""W",1991,2021,35.77055555555555,-115.90916666666668
503,Heaps Peak  ,HPP,/cgi-bin/rawMAIN.pl?caCHPP,"34° 14' 10.00""N","117° 08' 21.00""W",2011,2021,34.236111111111114,-117.13916666666667
504,Horse  ,HRE,/cgi-bin/rawMAIN.pl?caCHRE,"34° 12' 19.00""N","117° 48' 41.00""W",2002,2003,34.20527777777778,-117.81138888888889
505,Harmon  ,HRM,/cgi-bin/rawMAIN.pl?caCHRM,"34° 19' 09.00""N","119° 11' 62.00""W",2020,2021,34.31916666666667,-119.20055555555555
506,Hart Flat  ,HTF,/cgi-bin/rawMAIN.pl?caCHTF,"35° 15' 04.00""N","118° 36' 01.00""W",2005,2021,35.25111111111111,-118.60027777777778
507,Indian Mountain  ,IMT,/cgi-bin/rawMAIN.pl?caCIMT,"33° 46' 36.00""N","116° 47' 45.00""W",2008,2010,33.776666666666664,-116.79583333333333
508,Indian Wells Canyon  ,INW,/cgi-bin/rawMAIN.pl?caCINW,"35° 41' 06.00""N","117° 53' 22.00""W",1996,2021,35.684999999999995,-117.88944444444445
509,Japatul Fire Station  ,JAP,/cgi-bin/rawMAIN.pl?caCJAP,"32° 44' 40.00""N","116° 40' 24.00""W",2020,2021,32.74444444444445,-116.67333333333333
510,Jawbone              ,JAW,/cgi-bin/rawMAIN.pl?caCJAW,"35° 17' 41.00""N","118° 13' 35.00""W",1991,2021,35.29472222222222,-118.22638888888889
511,Johnsondale    ,JOH,/cgi-bin/rawMAIN.pl?caCJOH,"35° 58' 18.00""N","118° 32' 42.00""W",1998,2021,35.97166666666667,-118.545
512,Julian ,JUL,/cgi-bin/rawMAIN.pl?caCJUL,"33° 04' 33.00""N","116° 35' 27.00""W",1993,2021,33.075833333333335,-116.59083333333332
513,Keenwild           ,KEE,/cgi-bin/rawMAIN.pl?caCKEE,"33° 40' 00.00""N","116° 46' 00.00""W",1990,2021,33.666666666666664,-116.76666666666667
514,Kernville ,KER,/cgi-bin/rawMAIN.pl?caCKER,"35° 45' 18.00""N","118° 25' 00.00""W",1999,2006,35.755,-118.41666666666667
515,Kettleman Hills    ,KET,/cgi-bin/rawMAIN.pl?caCKET,"36° 02' 00.00""N","120° 03' 25.00""W",1988,2021,36.03333333333333,-120.05694444444444
516,Kenworthy  ,KNW,/cgi-bin/rawMAIN.pl?caCKNW,"33° 37' 01.00""N","116° 37' 20.00""W",2017,2021,33.61694444444444,-116.62222222222222
517,River Kern  ,KV1,/cgi-bin/rawMAIN.pl?caCKV1,"35° 46' 39.00""N","118° 25' 58.00""W",2004,2021,35.777499999999996,-118.43277777777779
518,Mt. Laguna ,LAG,/cgi-bin/rawMAIN.pl?caCLAG,"32° 52' 47.00""N","116° 25' 13.00""W",1996,2021,32.87972222222222,-116.42027777777778
519,La Panza ,LAP,/cgi-bin/rawMAIN.pl?caCLAP,"35° 22' 52.00""N","120° 11' 15.00""W",1990,2021,35.38111111111111,-120.1875
520,Laural Mountain  ,LAR,/cgi-bin/rawMAIN.pl?caCLAR,"35° 28' 42.00""N","117° 41' 56.00""W",1996,2021,35.47833333333333,-117.69888888888889
521,Leo Carrillo ,LEO,/cgi-bin/rawMAIN.pl?caCLEO,"34° 02' 44.00""N","118° 56' 09.00""W",1999,2021,34.04555555555555,-118.93583333333333
522,Las Flores  ,LFL,/cgi-bin/rawMAIN.pl?caCLFL,"33° 18' 35.00""N","117° 25' 25.00""W",2014,2021,33.30972222222222,-117.42361111111111
523,Lost Horse         ,LHO,/cgi-bin/rawMAIN.pl?caCLHO,"34° 01' 04.00""N","116° 11' 16.00""W",1991,2021,34.01777777777777,-116.18777777777778
524,Los Prietos  ,LOP,/cgi-bin/rawMAIN.pl?caCLOP,"34° 32' 09.00""N","119° 47' 00.00""W",1997,2021,34.53583333333333,-119.78333333333333
525,Lake Palmdale  ,LPA,/cgi-bin/rawMAIN.pl?caCLPA,"34° 32' 14.00""N","118° 06' 05.00""W",2004,2021,34.53722222222222,-118.10138888888888
526,Las Flores ,LSF,/cgi-bin/rawMAIN.pl?caCLSF,"33° 17' 20.00""N","117° 26' 20.00""W",1992,2010,33.288888888888884,-117.4388888888889
527,Las Tablas ,LST,/cgi-bin/rawMAIN.pl?caCLST,"35° 39' 23.00""N","120° 55' 27.00""W",1990,2021,35.656388888888884,-120.92416666666666
528,Little Tujunga  ,LTU,/cgi-bin/rawMAIN.pl?caCLTU,"34° 17' 37.00""N","118° 21' 39.00""W",2002,2021,34.29361111111111,-118.36083333333333
529,Lynch Canyon  ,LYC,/cgi-bin/rawMAIN.pl?caCLYC,"35° 36' 42.00""N","118° 24' 18.00""W",2007,2021,35.611666666666665,-118.405
530,Lytle Creek  ,LYT,/cgi-bin/rawMAIN.pl?caCLYT,"34° 14' 02.00""N","117° 28' 49.00""W",2002,2021,34.23388888888889,-117.48027777777779
531,Malibu Hills ,MAL,/cgi-bin/rawMAIN.pl?caCMAL,"34° 03' 30.00""N","118° 38' 00.00""W",1995,2021,34.05833333333333,-118.63333333333334
532,Mill Creek (BDF) ,MCB,/cgi-bin/rawMAIN.pl?caCMCB,"34° 05' 01.00""N","117° 02' 05.00""W",1998,2021,34.08361111111111,-117.03472222222221
533,Malibu Canyon  ,MCN,/cgi-bin/rawMAIN.pl?caCMCN,"34° 05' 59.00""N","118° 42' 12.00""W",2004,2021,34.099722222222226,-118.70333333333333
534,Means Lake  ,MEA,/cgi-bin/rawMAIN.pl?caCMEA,"34° 23' 26.00""N","116° 31' 01.00""W",1995,2021,34.39055555555556,-116.51694444444445
535,Mid Hills          ,MID,/cgi-bin/rawMAIN.pl?caCMID,"35° 07' 23.00""N","115° 24' 41.00""W",1991,2021,35.12305555555555,-115.4113888888889
536,Mill Creek (ANF)   ,MIL,/cgi-bin/rawMAIN.pl?caCMIL,"34° 23' 25.00""N","118° 04' 57.00""W",1989,2021,34.390277777777776,-118.0825
537,Milo  ,MIO,/cgi-bin/rawMAIN.pl?caCMIO,"36° 13' 53.00""N","118° 52' 08.00""W",2001,2021,36.231388888888894,-118.86888888888888
538,Miramar East  ,MIS,/cgi-bin/rawMAIN.pl?caCMIS,"32° 52' 32.00""N","117° 03' 34.00""W",2012,2021,32.87555555555556,-117.05944444444444
539,Miller Ranch  ,MLL,/cgi-bin/rawMAIN.pl?caCMLL,"34° 08' 54.00""N","119° 00' 40.00""W",2020,2021,34.14833333333333,-119.0111111111111
540,Montecito #2  ,MN2,/cgi-bin/rawMAIN.pl?caCMN2,"34° 26' 42.00""N","119° 37' 34.00""W",2011,2021,34.44499999999999,-119.6261111111111
541,Montecito ,MNC,/cgi-bin/rawMAIN.pl?caCMNC,"34° 27' 41.00""N","119° 38' 53.00""W",1996,2021,34.46138888888889,-119.64805555555556
542,Mojave River Sink  ,MOJ,/cgi-bin/rawMAIN.pl?caCMOJ,"35° 03' 11.00""N","116° 04' 46.00""W",1988,2011,35.05305555555555,-116.07944444444443
543,Mormon Rock ,MOR,/cgi-bin/rawMAIN.pl?caCMOR,"34° 19' 03.00""N","117° 30' 07.00""W",1999,2021,34.3175,-117.50194444444445
544,Marquez  ,MRQ,/cgi-bin/rawMAIN.pl?caCMRQ,"36° 21' 35.00""N","120° 46' 23.00""W",2011,2021,36.359722222222224,-120.77305555555556
545,Mountain Springs Grade  ,MSG,/cgi-bin/rawMAIN.pl?caCMSG,"32° 40' 29.00""N","116° 05' 40.00""W",2014,2021,32.67472222222222,-116.09444444444443
546,Mt. San Jacinto  ,MSJ,/cgi-bin/rawMAIN.pl?caCMSJ,"33° 48' 55.00""N","116° 38' 31.00""W",2008,2021,33.81527777777777,-116.64194444444445
547,Mtn Home  ,MTH,/cgi-bin/rawMAIN.pl?caCMTH,"36° 13' 26.00""N","118° 39' 56.00""W",2018,2021,36.223888888888894,-118.66555555555556
548,Mateo Ridge  ,MTR,/cgi-bin/rawMAIN.pl?caCMTR,"33° 24' 56.00""N","117° 31' 29.00""W",2014,2021,33.41555555555556,-117.52472222222222
549,Mt. Washington  ,MTW,/cgi-bin/rawMAIN.pl?caCMTW,"34° 06' 15.00""N","118° 12' 54.00""W",2009,2019,34.10416666666667,-118.215
550,Mission Valley  ,MVA,/cgi-bin/rawMAIN.pl?caCMVA,"32° 46' 48.00""N","117° 12' 00.00""W",2016,2021,32.78,-117.2
551,Newhall Pass  ,NEW,/cgi-bin/rawMAIN.pl?caCNEW,"34° 20' 13.00""N","118° 31' 13.00""W",2005,2021,34.33694444444445,-118.52027777777778
552,San Clemente Isl. Nursery  ,NSC,/cgi-bin/rawMAIN.pl?caCNSC,"32° 58' 44.00""N","118° 33' 10.00""W",2012,2021,32.97888888888889,-118.55277777777778
553,Oak Creek           ,OCR,/cgi-bin/rawMAIN.pl?caCOCR,"36° 50' 37.00""N","118° 15' 56.00""W",1994,2021,36.843611111111116,-118.26555555555555
554,Oak Grove #2  ,OG2,/cgi-bin/rawMAIN.pl?caCOG2,"33° 23' 09.00""N","116° 47' 48.00""W",2010,2011,33.38583333333333,-116.79666666666667
555,Ojai  ,OJA,/cgi-bin/rawMAIN.pl?caCOJA,"34° 26' 54.00""N","119° 13' 49.00""W",2000,2013,34.44833333333333,-119.23027777777779
556,Oak Grove         ,OKG,/cgi-bin/rawMAIN.pl?caCOKG,"33° 23' 36.00""N","116° 47' 42.00""W",1995,2021,33.39333333333333,-116.795
557,Oak Opening  ,OKO,/cgi-bin/rawMAIN.pl?caCOKO,"36° 10' 31.00""N","118° 42' 06.00""W",1996,2021,36.17527777777777,-118.70166666666667
558,Opal Mountain         ,OPA,/cgi-bin/rawMAIN.pl?caCOPA,"35° 09' 15.00""N","117° 10' 32.00""W",1991,2021,35.15416666666667,-117.17555555555556
559,Otay Mountain  ,OTA,/cgi-bin/rawMAIN.pl?caCOTA,"32° 36' 03.00""N","116° 50' 28.00""W",2010,2021,32.600833333333334,-116.8411111111111
560,OX Ranch  ,OXR,/cgi-bin/rawMAIN.pl?caCOXR,"35° 12' 08.00""N","115° 11' 54.00""W",2013,2021,35.202222222222225,-115.19833333333334
561,Ozena  ,OZE,/cgi-bin/rawMAIN.pl?caCOZE,"34° 40' 55.00""N","119° 21' 14.00""W",2001,2021,34.68194444444444,-119.35388888888889
562,Palomar  ,PAL,/cgi-bin/rawMAIN.pl?caCPAL,"33° 21' 30.00""N","116° 52' 02.00""W",2004,2021,33.358333333333334,-116.86722222222221
563,Panamint           ,PAN,/cgi-bin/rawMAIN.pl?caCPAN,"36° 07' 13.00""N","117° 05' 16.00""W",1988,2015,36.12027777777778,-117.08777777777777
564,Parkfield ,PAR,/cgi-bin/rawMAIN.pl?caCPAR,"35° 53' 56.00""N","120° 25' 55.00""W",1990,2021,35.89888888888889,-120.43194444444445
565,Peppermint   ,PEP,/cgi-bin/rawMAIN.pl?caCPEP,"36° 04' 24.00""N","118° 32' 29.00""W",2004,2021,36.07333333333334,-118.54138888888889
566,Poppet Flats  ,PFL,/cgi-bin/rawMAIN.pl?caCPFL,"33° 51' 23.00""N","116° 51' 37.00""W",2008,2021,33.85638888888889,-116.86027777777777
567,Pine Hills  ,PHI,/cgi-bin/rawMAIN.pl?caCPHI,"33° 00' 59.00""N","116° 38' 02.00""W",2001,2021,33.01638888888889,-116.63388888888889
568,Pinehurst  ,PIH,/cgi-bin/rawMAIN.pl?caCPIH,"36° 41' 07.00""N","119° 00' 00.00""W",2001,2021,36.68527777777778,-119.0
569,Piru  ,PIR,/cgi-bin/rawMAIN.pl?caCPIR,"34° 24' 16.00""N","118° 48' 36.00""W",2001,2012,34.404444444444444,-118.81
570,Piutes  ,PIU,/cgi-bin/rawMAIN.pl?caCPIU,"35° 25' 54.00""N","118° 19' 47.00""W",2004,2021,35.431666666666665,-118.32972222222222
571,Park Ridge ,PKR,/cgi-bin/rawMAIN.pl?caCPKR,"36° 43' 27.00""N","118° 56' 33.00""W",1997,2021,36.72416666666667,-118.94250000000001
572,Pala  ,PLA,/cgi-bin/rawMAIN.pl?caCPLA,"33° 21' 40.00""N","117° 06' 21.00""W",2009,2021,33.361111111111114,-117.10583333333332
573,Pinnacles  ,PNN,/cgi-bin/rawMAIN.pl?caCPNN,"36° 28' 15.00""N","121° 08' 50.00""W",2001,2021,36.47083333333334,-121.14722222222223
574,Pinyon  ,PNY,/cgi-bin/rawMAIN.pl?caCPNY,"33° 34' 40.00""N","116° 27' 14.00""W",2006,2021,33.57777777777778,-116.4538888888889
575,Poppy Park ,POP,/cgi-bin/rawMAIN.pl?caCPOP,"34° 43' 57.00""N","118° 23' 00.00""W",1995,2021,34.7325,-118.38333333333334
576,Potrero ,POT,/cgi-bin/rawMAIN.pl?caCPOT,"32° 36' 21.00""N","116° 36' 32.00""W",1990,2021,32.60583333333334,-116.60888888888888
577,Panoche Road ,PRD,/cgi-bin/rawMAIN.pl?caCPRD,"36° 43' 37.00""N","120° 45' 57.00""W",1990,2021,36.72694444444445,-120.76583333333333
578,Porter Ranch  ,PRT,/cgi-bin/rawMAIN.pl?caCPRT,"34° 18' 12.00""N","118° 34' 36.00""W",2020,2021,34.30333333333333,-118.57666666666667
579,Purisima Hills  ,PUR,/cgi-bin/rawMAIN.pl?caCPUR,"34° 42' 44.00""N","120° 23' 29.00""W",2020,2021,34.71222222222222,-120.3913888888889
580,Rock Camp  ,RCC,/cgi-bin/rawMAIN.pl?caCRCC,"34° 17' 17.00""N","117° 12' 45.00""W",2003,2021,34.28805555555555,-117.2125
581,Ranchita ,RCH,/cgi-bin/rawMAIN.pl?caCRCH,"33° 13' 20.00""N","116° 29' 51.00""W",1995,2021,33.22222222222222,-116.4975
582,Refugio  ,RFU,/cgi-bin/rawMAIN.pl?caCRFU,"34° 31' 00.00""N","120° 04' 31.00""W",2015,2021,34.516666666666666,-120.07527777777777
583,Ranger Peak  ,RGP,/cgi-bin/rawMAIN.pl?caCRGP,"33° 50' 22.00""N","116° 49' 13.00""W",2008,2010,33.839444444444446,-116.82027777777778
584,Rice Valley        ,RIC,/cgi-bin/rawMAIN.pl?caCRIC,"34° 03' 39.00""N","114° 43' 56.00""W",1988,2021,34.06083333333333,-114.73222222222222
585,Roblar Canyon  ,ROB,/cgi-bin/rawMAIN.pl?caCROB,"33° 22' 20.00""N","117° 21' 35.00""W",2014,2021,33.37222222222222,-117.35972222222222
586,Rose Valley          ,ROS,/cgi-bin/rawMAIN.pl?caCROS,"34° 32' 35.00""N","119° 11' 03.00""W",1993,2021,34.543055555555554,-119.18416666666667
587,Rattlesnake        ,RTL,/cgi-bin/rawMAIN.pl?caCRTL,"36° 24' 25.00""N","118° 25' 18.00""W",1992,2020,36.40694444444444,-118.42166666666667
588,Saddleback Butte ,SAD,/cgi-bin/rawMAIN.pl?caCSAD,"34° 41' 05.00""N","117° 49' 15.00""W",1998,2021,34.68472222222222,-117.82083333333333
589,Sage  ,SAG,/cgi-bin/rawMAIN.pl?caCSAG,"33° 36' 20.00""N","116° 56' 21.00""W",2010,2021,33.605555555555554,-116.93916666666667
590,Saugus ,SAU,/cgi-bin/rawMAIN.pl?caCSAU,"34° 25' 30.00""N","118° 31' 30.00""W",1994,2021,34.425,-118.525
591,Santa Barbara Island ,SBB,/cgi-bin/rawMAIN.pl?caCSBB,"33° 29' 00.00""N","119° 02' 00.00""W",1995,2021,33.483333333333334,-119.03333333333333
592,Santa Barbara Botanic Garden  ,SBG,/cgi-bin/rawMAIN.pl?caCSBG,"34° 27' 21.00""N","119° 42' 20.00""W",2011,2021,34.45583333333334,-119.70555555555556
593,OP1 - San Clemente Island  ,SC1,/cgi-bin/rawMAIN.pl?caCSC1,"32° 49' 35.00""N","118° 21' 42.00""W",2012,2021,32.82638888888889,-118.36166666666666
594,San Clemente NRO  ,SCE,/cgi-bin/rawMAIN.pl?caCSCE,"32° 59' 46.00""N","118° 33' 11.00""W",2014,2021,32.99611111111111,-118.55305555555556
595,Santa Cruz Island      ,SCI,/cgi-bin/rawMAIN.pl?caCSCI,"33° 59' 45.00""N","119° 43' 20.00""W",1990,2021,33.99583333333334,-119.72222222222223
596,San Clemente Island  ,SCL,/cgi-bin/rawMAIN.pl?caCSCL,"32° 50' 24.00""N","118° 23' 15.00""W",2000,2006,32.84,-118.3875
597,Sedgwick  ,SED,/cgi-bin/rawMAIN.pl?caCSED,"34° 40' 50.00""N","120° 02' 51.00""W",2017,2021,34.68055555555555,-120.0475
598,Santa Fe Dam ,SFD,/cgi-bin/rawMAIN.pl?caCSFD,"34° 07' 15.00""N","117° 56' 45.00""W",1993,2021,34.12083333333334,-117.94583333333334
599,Shadequarter ,SHQ,/cgi-bin/rawMAIN.pl?caCSHQ,"36° 34' 02.00""N","118° 57' 20.00""W",1990,2021,36.56722222222223,-118.95555555555556
600,Simi Valley  ,SIV,/cgi-bin/rawMAIN.pl?caCSIV,"34° 17' 28.00""N","118° 48' 52.00""W",2001,2012,34.29111111111111,-118.81444444444445
601,San Miguel  ,SMI,/cgi-bin/rawMAIN.pl?caCSMI,"32° 41' 06.00""N","116° 58' 25.00""W",2002,2021,32.684999999999995,-116.97361111111111
602,San Marcos Pass  ,SMP,/cgi-bin/rawMAIN.pl?caCSMP,"34° 29' 29.00""N","119° 47' 47.00""W",2015,2021,34.49138888888889,-119.79638888888888
603,Santa Rita            ,SNR,/cgi-bin/rawMAIN.pl?caCSNR,"36° 20' 52.00""N","120° 35' 52.00""W",1991,2021,36.34777777777778,-120.59777777777778
604,San Pasqual  ,SPQ,/cgi-bin/rawMAIN.pl?caCSPQ,"33° 05' 29.00""N","117° 00' 44.00""W",2009,2021,33.09138888888889,-117.01222222222222
605,Squaw Springs       ,SQS,/cgi-bin/rawMAIN.pl?caCSQS,"35° 22' 12.00""N","117° 34' 06.00""W",1991,2021,35.37,-117.56833333333333
606,Squaw Lake         ,SQU,/cgi-bin/rawMAIN.pl?caCSQU,"32° 54' 30.00""N","114° 29' 40.00""W",1986,2021,32.90833333333333,-114.49444444444444
607,San Rafael Hills  ,SRH,/cgi-bin/rawMAIN.pl?caCSRH,"34° 11' 39.00""N","118° 12' 45.00""W",2004,2021,34.19416666666666,-118.2125
608,Santa Rosa Island     ,SRI,/cgi-bin/rawMAIN.pl?caCSRI,"33° 58' 40.00""N","120° 04' 40.00""W",1990,2021,33.97777777777778,-120.07777777777777
609,Santa Rosa Plateau ,SRO,/cgi-bin/rawMAIN.pl?caCSRO,"33° 31' 43.00""N","117° 13' 50.00""W",1993,2021,33.52861111111111,-117.23055555555555
610,Saratoga Spring  ,SRT,/cgi-bin/rawMAIN.pl?caCSRT,"35° 40' 50.00""N","116° 25' 20.00""W",2013,2021,35.68055555555555,-116.42222222222223
611,Sunset  ,SS1,/cgi-bin/rawMAIN.pl?caCSS1,"34° 12' 35.00""N","117° 41' 27.00""W",2002,2003,34.209722222222226,-117.69083333333333
612,Sugarloaf          ,SUG,/cgi-bin/rawMAIN.pl?caCSUG,"36° 43' 36.00""N","118° 40' 30.00""W",1992,2020,36.72666666666667,-118.67500000000001
613,Santa Ysabel  ,SYS,/cgi-bin/rawMAIN.pl?caCSYS,"33° 06' 39.00""N","116° 40' 16.00""W",2009,2014,33.11083333333333,-116.67111111111112
614,Talega  ,TAL,/cgi-bin/rawMAIN.pl?caCTAL,"33° 28' 41.00""N","117° 29' 09.00""W",2001,2018,33.47805555555556,-117.48583333333333
615,Tanbark             ,TAN,/cgi-bin/rawMAIN.pl?caCTAN,"34° 12' 25.00""N","117° 45' 38.00""W",1986,2021,34.206944444444446,-117.76055555555556
616,Target Range ,TAR,/cgi-bin/rawMAIN.pl?caCTAR,"33° 22' 20.00""N","117° 21' 32.00""W",1992,2011,33.37222222222222,-117.35888888888888
617,Temescal (LPF)  ,TE2,/cgi-bin/rawMAIN.pl?caCTE2,"34° 28' 50.00""N","118° 45' 20.00""W",2001,2021,34.480555555555554,-118.75555555555556
618,Tepusquet  ,TEP,/cgi-bin/rawMAIN.pl?caCTEP,"34° 55' 12.00""N","120° 10' 52.00""W",2015,2021,34.919999999999995,-120.18111111111112
619,Thousand Oaks  ,THS,/cgi-bin/rawMAIN.pl?caCTHS,"34° 12' 36.00""N","118° 52' 12.00""W",2002,2012,34.21,-118.86999999999999
620,Talega Ridge  ,TLR,/cgi-bin/rawMAIN.pl?caCTLR,"33° 28' 39.00""N","117° 29' 11.00""W",2014,2021,33.4775,-117.4863888888889
621,Temescal (CNF)  ,TM2,/cgi-bin/rawMAIN.pl?caCTM2,"33° 45' 45.00""N","117° 28' 58.00""W",2000,2011,33.7625,-117.48277777777778
622,Temescal #2 (CNF)  ,TMC,/cgi-bin/rawMAIN.pl?caCTMC,"33° 45' 22.00""N","117° 29' 48.00""W",2010,2021,33.75611111111111,-117.49666666666667
623,Tonner Canyon  ,TON,/cgi-bin/rawMAIN.pl?caCTON,"33° 56' 51.00""N","117° 49' 20.00""W",2004,2021,33.9475,-117.82222222222222
624,Topanga  ,TOP,/cgi-bin/rawMAIN.pl?caCTOP,"34° 08' 10.00""N","118° 36' 22.00""W",2011,2021,34.13611111111111,-118.6061111111111
625,Trimmer ,TRM,/cgi-bin/rawMAIN.pl?caCTRM,"36° 54' 40.00""N","119° 18' 18.00""W",1999,2021,36.91111111111111,-119.30499999999999
626,Twisselman  ,TWI,/cgi-bin/rawMAIN.pl?caCTWI,"35° 21' 45.00""N","119° 49' 24.00""W",2005,2021,35.362500000000004,-119.82333333333332
627,Valley Center ,VAL,/cgi-bin/rawMAIN.pl?caCVAL,"33° 14' 14.00""N","117° 00' 31.00""W",1990,2021,33.23722222222222,-117.00861111111111
628,Valyermo  ,VAY,/cgi-bin/rawMAIN.pl?caCVAY,"34° 26' 44.00""N","117° 51' 04.00""W",2002,2021,34.44555555555555,-117.85111111111111
629,Vista Grande  ,VIS,/cgi-bin/rawMAIN.pl?caCVIS,"33° 50' 15.00""N","116° 48' 30.00""W",2008,2021,33.837500000000006,-116.80833333333334
630,Vandenberg  ,VND,/cgi-bin/rawMAIN.pl?caCVND,"34° 45' 31.00""N","120° 29' 10.00""W",2002,2021,34.75861111111111,-120.48611111111111
631,Walker Pass     ,WAL,/cgi-bin/rawMAIN.pl?caCWAL,"35° 39' 53.00""N","118° 03' 25.00""W",1991,2021,35.664722222222224,-118.05694444444444
632,Warm Springs        ,WAR,/cgi-bin/rawMAIN.pl?caCWAR,"34° 35' 45.00""N","118° 34' 43.00""W",1986,2021,34.59583333333334,-118.5786111111111
633,Wood Canyon  ,WCN,/cgi-bin/rawMAIN.pl?caCWCN,"34° 00' 32.00""N","116° 49' 20.00""W",2008,2010,34.00888888888889,-116.82222222222222
634,Woody  ,WDY,/cgi-bin/rawMAIN.pl?caCWDY,"35° 42' 22.00""N","118° 49' 57.00""W",2010,2021,35.70611111111111,-118.8325
635,Whittier Hills ,WHH,/cgi-bin/rawMAIN.pl?caCWHH,"33° 59' 02.00""N","118° 00' 36.00""W",1999,2021,33.98388888888889,-118.01
636,Wiley Ridge  ,WIL,/cgi-bin/rawMAIN.pl?caCWIL,"34° 22' 18.00""N","118° 50' 27.00""W",2003,2021,34.37166666666667,-118.84083333333332
637,Wire Mountain  ,WIR,/cgi-bin/rawMAIN.pl?caCWIR,"33° 14' 08.00""N","117° 22' 05.00""W",2014,2021,33.23555555555556,-117.36805555555554
638,Wilson Canyon  ,WLS,/cgi-bin/rawMAIN.pl?caCWLS,"33° 58' 34.00""N","115° 59' 42.00""W",2013,2021,33.976111111111116,-115.995
639,Wofford Heights  ,WOF,/cgi-bin/rawMAIN.pl?caCWOF,"35° 43' 18.00""N","118° 29' 56.00""W",1997,2021,35.72166666666667,-118.49888888888889
640,Wolverton  ,WOL,/cgi-bin/rawMAIN.pl?caCWOL,"36° 26' 42.00""N","118° 42' 12.00""W",1996,2021,36.44499999999999,-118.70333333333333
641,Whitaker Peak  ,WPK,/cgi-bin/rawMAIN.pl?caCWPK,"34° 34' 07.00""N","118° 44' 25.00""W",1999,2021,34.56861111111112,-118.74027777777778
642,Walker Passe  ,WPS,/cgi-bin/rawMAIN.pl?caCWPS,"35° 39' 45.00""N","118° 01' 32.00""W",2005,2020,35.6625,-118.02555555555556
643,Yucca Valley ,YUC,/cgi-bin/rawMAIN.pl?caCYUC,"34° 07' 24.00""N","116° 24' 28.00""W",1990,2021,34.123333333333335,-116.40777777777778
